INSERT INTO USER VALUES
(465280560, 'achrafhakimi', 'achrafhakimi@yahoo.com', '6h0Tbhx', 'PSG | Morocco player
@achrafhakimifoundation' ,'Casablanca' ,'https://instagram.frba3-2.fna.fbcdn.net/v/t51.2885-19/294771045_374768934765417_3320103300612216494_n.jpg?_nc_ht=instagram.frba3-2.fna.fbcdn.net&_nc_cat=1&_nc_ohc=9FvamYljHg8Q7kNvgF_yu2S&edm=AEF8tYYBAAAA&ccb=7-5&oh=00_AfBjSieLRaMCqpNm5vTLCPBHOj0tOnJ0VqXk9UhXTlVNJQ&oe=6637D8AF&_nc_sid=1e20d2' ),
(14634719, 'frenchmontana', 'frenchmontana@uit.ac.ma', 'ONfPUq', '‎مونتانا الفرنسي
@cokeboys.music' ,'Casablanca' ,'https://instagram.frba3-2.fna.fbcdn.net/v/t51.2885-19/429139270_1359389104764117_4673230957735784307_n.jpg?_nc_ht=instagram.frba3-2.fna.fbcdn.net&_nc_cat=1&_nc_ohc=Y_NqdclR2KMQ7kNvgGAHZzl&edm=AEF8tYYBAAAA&ccb=7-5&oh=00_AfCB_f7f-9WLiEBx7uJfEFUzO6pDeJpP0ybPvAZFn0HJGQ&oe=66380172&_nc_sid=1e20d2' ),
(528977978, 'norafatehi', 'norafatehi@yahoo.com', 'tierujSP', 'Actress|Performer|Singer|Producer❤️🇨🇦🇲🇦🇮🇳
India team: nora@exceedworld.co.in
International team: 
Norafatehi.management@gmail.com' ,'Rabat' ,'https://instagram.frba3-2.fna.fbcdn.net/v/t51.2885-19/403847613_1868611593596086_2397413047073078288_n.jpg?_nc_ht=instagram.frba3-2.fna.fbcdn.net&_nc_cat=1&_nc_ohc=xaEdD4ci42IQ7kNvgF-CWDI&edm=AEF8tYYBAAAA&ccb=7-5&oh=00_AfA8VYrremBbg4uGd9Jasd5ZtP4OkSZi2Rtb9J1aHX0ikQ&oe=66380263&_nc_sid=1e20d2' ),
(244309106, 'chelseafc', 'chelseafc@uit.ac.ma', 'y9Cw9Q', '' ,'Casablanca' ,'https://instagram.frba3-2.fna.fbcdn.net/v/t51.2885-19/401953575_1089348075577552_1858985155021887301_n.jpg?_nc_ht=instagram.frba3-2.fna.fbcdn.net&_nc_cat=1&_nc_ohc=tDor56YVW7QQ7kNvgHqegR0&edm=AEF8tYYBAAAA&ccb=7-5&oh=00_AfDepZWF9syReI4p1_2GZxd51H11BG92EC3yg9X05dk09w&oe=6637DDD2&_nc_sid=1e20d2' ),
(54725478, 'hziyech', 'hziyech@yahoo.com', '32qnd', '' ,'Rabat' ,'https://instagram.frba3-2.fna.fbcdn.net/v/t51.2885-19/434662953_812866217556779_4176461774702317941_n.jpg?_nc_ht=instagram.frba3-2.fna.fbcdn.net&_nc_cat=1&_nc_ohc=lu-JjUuZcf8Q7kNvgFDuQSG&edm=AEF8tYYBAAAA&ccb=7-5&oh=00_AfB7KXtbB9cJlDuD2cnYA3Lh_7QZLFXGWO-oi484NyHlvA&oe=6637DDE5&_nc_sid=1e20d2' ),
(350879351, 'afrasaracoglu', 'afrasaracoglu@uit.ac.ma', 'KOZMgI', '@ph7entertainment' ,'Rabat' ,'https://instagram.frba3-2.fna.fbcdn.net/v/t51.2885-19/430144344_924983579169602_6531344004191182317_n.jpg?_nc_ht=instagram.frba3-2.fna.fbcdn.net&_nc_cat=1&_nc_ohc=vvVsTGRSYrAQ7kNvgHT1uCT&edm=AEF8tYYBAAAA&ccb=7-5&oh=00_AfAc-q-M0ZXpPK30kNmF6t81gKg_ksye1iLVfmiEfPJGow&oe=66380473&_nc_sid=1e20d2' ),
(796014803, 'yasminabdelaziz_', 'yasminabdelaziz.@gmail.com', 'wPtzb', 'Egyptian Actress' ,'Casablanca' ,'https://instagram.frba3-2.fna.fbcdn.net/v/t51.2885-19/261091764_252211196822780_2392424483905034130_n.jpg?_nc_ht=instagram.frba3-2.fna.fbcdn.net&_nc_cat=1&_nc_ohc=T0YIfv86AgQQ7kNvgHkLo7Q&edm=AEF8tYYBAAAA&ccb=7-5&oh=00_AfBDym2G6Zs3CrULpJO6_2NXYDNXmahvpziIBRF8DPnmOA&oe=6637DDA3&_nc_sid=1e20d2' ),
(357315233, 'kawtarbamo', 'kawtarbamo@uit.ac.ma', 'XfaUlMVt', 'قل خيراً أو أصمت
Bamo.management@gmail.com' ,'Casablanca' ,'https://instagram.frba3-2.fna.fbcdn.net/v/t51.2885-19/434409709_1142954450471947_8314445764782528754_n.jpg?_nc_ht=instagram.frba3-2.fna.fbcdn.net&_nc_cat=1&_nc_ohc=eIPsCT2hBTQQ7kNvgH2lguF&edm=AEF8tYYBAAAA&ccb=7-5&oh=00_AfDjMjT7BK7rb8qqFgtF8YWGmlNr5j8lvcJuZMltQApeaA&oe=6637FBF3&_nc_sid=1e20d2' ),
(7495306835, 'afrae.es', 'afrae.es@hotmail.com', 'j83RBWh1', '•📍Dubai/ UAE 
•  Winner of best family creator of the year in the Arab world 
• +8M subscribers on Tiktok
• 📧 xxafraexx@gmail.com' ,'Rabat' ,'https://instagram.frba3-2.fna.fbcdn.net/v/t51.2885-19/226224110_613960719767437_1735959072371761476_n.jpg?_nc_ht=instagram.frba3-2.fna.fbcdn.net&_nc_cat=1&_nc_ohc=A1zqQjfcv3UQ7kNvgEuYKVj&edm=AEF8tYYBAAAA&ccb=7-5&oh=00_AfDejEYnY3E1YEgg6zzv-gGAfJ5kD-aSM7gY22E6IA0nvg&oe=6637EFEE&_nc_sid=1e20d2' ),
(1692051811, 'bounouyassine_bono', 'bounouyassine.bono@uit.ac.ma', 'BeoVSH', '@equipedumaroc  🇲🇦  @alhilal  💙 I don’t have Twitter' ,'Casablanca' ,'https://instagram.frba3-2.fna.fbcdn.net/v/t51.2885-19/435273720_7124535644335573_7674035839096214738_n.jpg?_nc_ht=instagram.frba3-2.fna.fbcdn.net&_nc_cat=1&_nc_ohc=nqfPmxvvOzMQ7kNvgFrUfns&edm=AEF8tYYBAAAA&ccb=7-5&oh=00_AfD1giDv--f1v1NFABk3I9oJcpGhgA7UMRsRO3FG01QNLA&oe=6637D977&_nc_sid=1e20d2' );


INSERT INTO FOLLOWERS VALUES
(465280560, 796014803, '2024-01-03 16:12:24'),
(465280560, 7495306835, '2024-05-20 10:48:17'),
(465280560, 244309106, '2024-12-28 21:35:35'),
(465280560, 528977978, '2024-11-19 10:37:55'),
(14634719, 796014803, '2024-09-01 04:19:18'),
(14634719, 357315233, '2024-07-05 13:04:35'),
(14634719, 54725478, '2024-04-13 23:09:09'),
(14634719, 528977978, '2024-12-18 17:43:04'),
(14634719, 244309106, '2024-04-28 22:50:44'),
(14634719, 465280560, '2024-10-13 12:23:30'),
(14634719, 350879351, '2024-07-15 13:58:01'),
(14634719, 1692051811, '2024-12-14 19:42:28'),
(528977978, 357315233, '2024-10-22 03:35:48'),
(528977978, 796014803, '2024-02-22 20:59:04'),
(528977978, 54725478, '2024-03-08 18:50:18'),
(528977978, 1692051811, '2024-09-12 21:53:01'),
(528977978, 350879351, '2024-04-13 21:04:21'),
(528977978, 14634719, '2024-12-02 12:11:28'),
(528977978, 465280560, '2024-12-18 11:30:06'),
(528977978, 244309106, '2024-12-24 07:13:36'),
(528977978, 7495306835, '2024-11-01 16:37:46'),
(244309106, 465280560, '2024-07-18 11:25:53'),
(244309106, 350879351, '2024-08-05 14:35:44'),
(244309106, 796014803, '2024-05-08 17:28:42'),
(244309106, 7495306835, '2024-05-06 21:54:40'),
(244309106, 528977978, '2024-12-25 01:09:12'),
(244309106, 54725478, '2024-07-08 13:36:53'),
(244309106, 357315233, '2024-04-23 08:48:25'),
(54725478, 465280560, '2024-04-05 05:43:12'),
(54725478, 244309106, '2024-04-22 21:35:15'),
(54725478, 7495306835, '2024-01-03 17:26:11'),
(54725478, 796014803, '2024-06-25 07:09:16'),
(54725478, 1692051811, '2024-03-11 00:41:40'),
(54725478, 528977978, '2024-04-20 11:46:43'),
(350879351, 14634719, '2024-09-21 02:45:39'),
(350879351, 7495306835, '2024-10-28 21:59:40'),
(350879351, 796014803, '2024-05-28 12:15:52'),
(350879351, 465280560, '2024-07-24 17:31:23'),
(350879351, 357315233, '2024-05-04 22:41:43'),
(350879351, 244309106, '2024-12-01 00:21:50'),
(350879351, 54725478, '2024-09-10 21:20:54'),
(796014803, 14634719, '2024-07-19 14:23:48'),
(796014803, 54725478, '2024-07-05 01:37:42'),
(357315233, 1692051811, '2024-08-12 05:16:13'),
(7495306835, 1692051811, '2024-07-25 07:03:00'),
(7495306835, 465280560, '2024-09-09 01:56:48'),
(7495306835, 528977978, '2024-05-16 00:09:22'),
(7495306835, 14634719, '2024-11-03 17:47:57'),
(1692051811, 796014803, '2024-12-11 00:04:26'),
(1692051811, 350879351, '2024-11-02 09:13:26');


INSERT INTO POSTS VALUES
('C6SDZQONprG', 465280560,'2024-04-27 22:42:19', 'https://instagram.frba3-2.fna.fbcdn.net/v/t39.30808-6/440815617_18435099739000561_6680871703372336362_n.jpg?stp=dst-jpg_e35_p1080x1080_sh0.08&_nc_ht=instagram.frba3-2.fna.fbcdn.net&_nc_cat=1&_nc_ohc=PNNw3FA-N4kQ7kNvgGMEW2B&edm=APU89FAAAAAA&ccb=7-5&oh=00_AfDYbUrJVbadeqocRFGtikyEsOkO-lb-G6iHKYoa0veDNg&oe=66380B5D&_nc_sid=bc0c2c', 'À mercredi ✊🏽💪🏽'),
('Cri9WslszTq', 14634719,'2023-04-27 16:37:55', 'https://instagram.frba2-1.fna.fbcdn.net/v/t51.2885-15/343224909_6247411251982039_7905153107282936449_n.jpg?stp=dst-jpg_e15&_nc_ht=instagram.frba2-1.fna.fbcdn.net&_nc_cat=107&_nc_ohc=jnxDC4UnZFQQ7kNvgEaHmuj&edm=AOQ1c0wBAAAA&ccb=7-5&oh=00_AfC_9whbdAZUHgYMpZNiEftWafr4XiutNcaOAG5HYrCGIQ&oe=6633FD75&_nc_sid=8b3546', 'BEEN WORKING ON THIS SINCE 2017 ‼️ THE BEST THING WE EVER CREATED 🥹  JUNE 🔥 DOCUMENTED LIFE-STORY
 “FOR KHADIJA”
Excutive produced by my brother @champagnepapi Link in bio'),
('C3tJDcDuUtF', 14634719,'2024-02-23 21:38:17', 'https://instagram.frba3-2.fna.fbcdn.net/v/t51.29350-15/429637975_3491751281135214_6060181641432397939_n.jpg?stp=dst-jpg_e15&_nc_ht=instagram.frba3-2.fna.fbcdn.net&_nc_cat=106&_nc_ohc=sT38roUR49IQ7kNvgEBGRgl&edm=AOQ1c0wBAAAA&ccb=7-5&oh=00_AfDsRTPGTKJN8INlOKYp6vyjJ84OkXC3bB8ct7IDzz0KyQ&oe=6633E92B&_nc_sid=8b3546', 'THANK U TO FOR ALL THE LOVE ! AND I APPRECIATE EVERYBODY THAT PLAYED A PART ! #Freemaxb #foreverchinx
MAC N CHEESE 5 OUT NOW'),
('C5rk3jWO5Ye', 14634719,'2024-04-13 00:04:26', 'https://instagram.frba2-2.fna.fbcdn.net/v/t51.29350-15/438494690_410067605115092_5652141811194493636_n.jpg?stp=dst-jpg_e15&_nc_ht=instagram.frba2-2.fna.fbcdn.net&_nc_cat=108&_nc_ohc=2rbFpsJhaX4Q7kNvgETOEcZ&edm=AOQ1c0wBAAAA&ccb=7-5&oh=00_AfA7DV6UVfUPllDtzfHnwZ0Y5AqW62knWim08DGcqfI9kA&oe=6633ECF2&_nc_sid=8b3546', 'JUST THREW THAT FIRST PITCH ! Tell the @mets send that contract ! Steve let’s negotiate 🌊🏄🏽‍♂️'),
('C5q7Lq4OVby', 14634719,'2024-04-12 18:00:11', 'https://instagram.frba3-1.fna.fbcdn.net/v/t39.30808-6/435690774_18445686826042720_1512290557138216322_n.jpg?stp=dst-jpg_e35_p1080x1080_sh0.08&_nc_ht=instagram.frba3-1.fna.fbcdn.net&_nc_cat=104&_nc_ohc=vLFCy8vp2mIQ7kNvgFc4puv&edm=AOQ1c0wAAAAA&ccb=7-5&ig_cache_key=MzM0NDc0NTk1OTk3NDg1MjMzOA%3D%3D.2-ccb7-5&oh=00_AfApIpMQh-D2J8UJtqhyMsIjkCKh0EPjTVm0R56uFFqEXQ&oe=6637D777&_nc_sid=8b3546', 'Poland! For the first time I will be headlining @sunfestivalpl on July 26th. get your tickets before it’s too late.🌊🏄🏽‍♂️'),
('C5GS5nXCyWC', 528977978,'2024-03-29 12:37:11', 'https://instagram.frba3-1.fna.fbcdn.net/v/t51.29350-15/434681020_7595884837121104_5894685813844900233_n.jpg?stp=dst-jpg_e15&_nc_ht=instagram.frba3-1.fna.fbcdn.net&_nc_cat=104&_nc_ohc=88l36cKQXKgQ7kNvgHnbilY&edm=AOQ1c0wBAAAA&ccb=7-5&oh=00_AfDIKvXkDe1CwQ4QJiCFanO2k8nI5Q9GThkJE-8I6DQV3w&oe=6633EA06&_nc_sid=8b3546', 'Exploring skincare taught me the significance of inner nourishment. NuEssentials by Zeroharm, with its nano-tech face mask, goes beyond surface application. It melts like magic and penetrates deep into the skin imparting a transformative inner glow.
This aligns with my tech-driven approach to genuine skin health. NuEssentials isn’t a mere product, it’s a skincare breakthrough, providing authentic results. Their innovative commitment marks a refreshing evolution in beauty care, captivating me deeply.
#NorafatehiXNuEssentials #NoraLovesNuEssentials #NuEssentials #NuEssentialsByZeroHarm #ZeroHarmNuEssentials #Indias1stMeltingNanoCollagenMask #CollagenMask #NanoCollagenMask #MeltingCollagenMask #ad'),
('C6Ti4yCIrTE', 528977978,'2024-04-28 12:37:25', 'https://instagram.frba3-2.fna.fbcdn.net/v/t51.29350-15/440114383_843141751168879_5247386169059120834_n.jpg?stp=dst-jpg_e15&_nc_ht=instagram.frba3-2.fna.fbcdn.net&_nc_cat=1&_nc_ohc=dWh3XVJR_AkQ7kNvgFo96zz&edm=AOQ1c0wBAAAA&ccb=7-5&oh=00_AfALLUHXmgA3bwPLlMrFIxMYPc__4JbeGvoZlpJ6qH_a7Q&oe=66340776&_nc_sid=8b3546', 'Now that’s what we call a Crakk-ling Chemistry 😍

Crakk - Jeetegaa Toh Jiyegaa! is now streaming.

#CrakkOnHotstar

@mevidyutjammwal @norafatehi @rampal72 @iamamyjackson @aditya_datt @ankittmohan @its_jamielever @bijayanand @rajendra_shisatkar #ShalakasPawar @abbassayyed77 @actionherofilms @Tseries.official'),
('C6TbkNhCDEF', 528977978,'2024-04-28 11:32:46', 'https://instagram.frba3-2.fna.fbcdn.net/v/t51.29350-15/440683486_1220720705566075_7471760936743409107_n.jpg?stp=dst-jpg_e35_p1080x1080&_nc_ht=instagram.frba3-2.fna.fbcdn.net&_nc_cat=1&_nc_ohc=Qo4Lz7yQSOcQ7kNvgE7UiCX&edm=AOQ1c0wBAAAA&ccb=7-5&ig_cache_key=MzM1NjE0NzM4Mjk5MDk0MjQ2OQ%3D%3D.2-ccb7-5&oh=00_AfAbecqWy0b25jt6mKxP0oUI9zDTHyVTdk58nsknWaZIuQ&oe=6637E53E&_nc_sid=8b3546', '🎁🔥

@globalspaindia
@taras84 
@reshmaamerchant 
@hairstylist_madhav2.0 
@aasthasharma'),
('C6QsRM-CmZQ', 528977978,'2024-04-27 10:01:00', 'https://instagram.frba3-2.fna.fbcdn.net/v/t51.29350-15/440167098_910938077450163_7453079983632527099_n.jpg?stp=dst-jpg_e35_p1080x1080&_nc_ht=instagram.frba3-2.fna.fbcdn.net&_nc_cat=1&_nc_ohc=7sOaAzfLpmQQ7kNvgE2GGEZ&edm=AOQ1c0wBAAAA&ccb=7-5&ig_cache_key=MzM1NTM3NjQwNTQ5MTQ4MDAxMQ%3D%3D.2-ccb7-5&oh=00_AfD2PD9mU0prWcPETpYjL8FYeYwJ-h-AXImpvDv6zDHl6w&oe=6637DFA6&_nc_sid=8b3546', 'No training season..🩷🩷'),
('C6OluVjiMc1', 528977978,'2024-04-26 14:25:20', 'https://instagram.frba3-2.fna.fbcdn.net/v/t51.29350-15/440233619_895374609253890_5752329102146191098_n.jpg?stp=dst-jpg_e35_p1080x1080&_nc_ht=instagram.frba3-2.fna.fbcdn.net&_nc_cat=1&_nc_ohc=FWW7YSIu5tUQ7kNvgE2IcGc&edm=AOQ1c0wBAAAA&ccb=7-5&ig_cache_key=MzM1NDc4NDY4NDM5OTE4MzY2OQ%3D%3D.2-ccb7-5&oh=00_AfBfdQGK-mxdOpFuql8JGf0v1MCupX9_rX-yniPqVXkxqg&oe=6638076F&_nc_sid=8b3546', 'Pink friday 🩷🩷

@globalspaindia
@taras84 
@reshmaamerchant 
@hairstylist_madhav2.0 
@aasthasharma
@davidkomalondon
@zevarking'),
('C6WLAzKsXgE', 244309106,'2024-04-29 13:05:51', 'https://instagram.frba3-2.fna.fbcdn.net/v/t51.29350-15/440766510_7383648341725863_8166517292482858707_n.jpg?stp=dst-jpg_e35_p1080x1080&_nc_ht=instagram.frba3-2.fna.fbcdn.net&_nc_cat=1&_nc_ohc=xwlGBCu1PT8Q7kNvgEhe8VD&edm=AOQ1c0wBAAAA&ccb=7-5&ig_cache_key=MzM1NjkxOTAwNTcwMzE0MTM4MA%3D%3D.2-ccb7-5&oh=00_AfBvR_5Bx1ckl45oQRKozGiZFcVs8krMkdEJbmeZt19YWg&oe=6637FC05&_nc_sid=8b3546', 'Chelsea legend.'),
('C6V1nPKMKhU', 244309106,'2024-04-29 10:00:06', 'https://instagram.frba3-2.fna.fbcdn.net/v/t51.29350-15/440745715_423662500307703_5417459674351072164_n.jpg?stp=dst-jpg_e15&_nc_ht=instagram.frba3-2.fna.fbcdn.net&_nc_cat=1&_nc_ohc=2-9V8ekAnP4Q7kNvgEZFgBs&edm=AOQ1c0wBAAAA&ccb=7-5&oh=00_AfB2ueruVUaKG1dNltBNAYhi6ypXCgxtjuN-gwPPF8vjFA&oe=6633FC1A&_nc_sid=8b3546', 'Four years, countless memories. 

A message from Thiago Silva…'),
('C6ZaFxDtp5J', 244309106,'2024-04-30 19:15:19', 'https://instagram.frba3-2.fna.fbcdn.net/v/t51.29350-15/440968095_820108906635587_6124181096250770333_n.jpg?stp=dst-jpg_e35_p1080x1080&_nc_ht=instagram.frba3-2.fna.fbcdn.net&_nc_cat=1&_nc_ohc=1s_DdJB4a8oQ7kNvgFCm7OB&edm=AOQ1c0wBAAAA&ccb=7-5&ig_cache_key=MzM1NzgyOTczMzEyNTg1NjEzMw%3D%3D.2-ccb7-5&oh=00_AfDXDGcqtIlARrWddL_5muyDXsfiBVBF-MNNLvGtzL7Ldw&oe=6637DA03&_nc_sid=8b3546', 'Another inspiring day with our community. 🫶'),
('C6YyDghiJPO', 54725478,'2024-04-30 13:25:29', 'https://instagram.frba3-2.fna.fbcdn.net/v/t51.29350-15/441058442_2086870991712448_1640878446792223425_n.jpg?stp=dst-jpg_e35_s1080x1080&_nc_ht=instagram.frba3-2.fna.fbcdn.net&_nc_cat=1&_nc_ohc=P4j_nnqSP6QQ7kNvgGuw631&edm=AOQ1c0wBAAAA&ccb=7-5&ig_cache_key=MzM1NzY1MzY1MTkyOTQxMjkwOQ%3D%3D.2-ccb7-5&oh=00_AfCB5XCS4TuQaAydPU1iJoQCF7ahjR9zCKUYVKzMrLDiAg&oe=6637DEAF&_nc_sid=8b3546', 'Expect the unexpected .. 🤌🏼'),
('C6TPM1uLd49', 54725478,'2024-04-28 09:45:20', 'https://instagram.frba2-1.fna.fbcdn.net/v/t51.29350-15/440869334_1167132970978747_3161702252123616364_n.jpg?stp=dst-jpg_e35_p1080x1080_sh0.08&_nc_ht=instagram.frba2-1.fna.fbcdn.net&_nc_cat=107&_nc_ohc=mIrUROk18m8Q7kNvgGi5XgD&edm=AOQ1c0wBAAAA&ccb=7-5&oh=00_AfDGOVf8QLbVoSE2ofxYet5Bjom4iyz5eGMXOYxYA_D_nA&oe=6633FDC1&_nc_sid=8b3546', 'Ceza sahası dışının 𝐇𝐚𝐤𝐢𝐦''i, yine enfes bir gole imza attı! 🎩'),
('C6QtRMmiVS1', 54725478,'2024-04-27 10:09:45', 'https://instagram.frba2-1.fna.fbcdn.net/v/t51.29350-15/440184738_1130809338222005_1295709009105791049_n.jpg?stp=dst-jpg_e35_p1080x1080&_nc_ht=instagram.frba2-1.fna.fbcdn.net&_nc_cat=105&_nc_ohc=_luPhgr7YScQ7kNvgFzFIXh&edm=AOQ1c0wBAAAA&ccb=7-5&ig_cache_key=MzM1NTM4MDgwMTUwNzcxMjY5Ng%3D%3D.2-ccb7-5&oh=00_AfC3xHv9y2oEo3etZeYKD20oSFr65Egi1fNZiBb2xuBq_A&oe=6637E422&_nc_sid=8b3546', 'Couple finales left ✔️'),
('C6JVGQPiHPw', 54725478,'2024-04-24 13:23:51', 'https://instagram.frba2-1.fna.fbcdn.net/v/t51.29350-15/440179976_840392924573311_2494502931550288031_n.jpg?stp=dst-jpg_e35_s1080x1080&_nc_ht=instagram.frba2-1.fna.fbcdn.net&_nc_cat=107&_nc_ohc=9JU9dj4y88oQ7kNvgGI-fws&edm=AOQ1c0wBAAAA&ccb=7-5&ig_cache_key=MzM1MzMwNDE3MjY5MDE4NjE5Nw%3D%3D.2-ccb7-5&oh=00_AfBxtCYCi8wqbvycyrberA4KLmAX-rLrz0cJ2cnMMej-RA&oe=66380199&_nc_sid=8b3546', 'The mirror is never scary for me..🪞'),
('C6GxvoXCc0f', 54725478,'2024-04-23 13:36:27', 'https://instagram.frba3-2.fna.fbcdn.net/v/t51.29350-15/440160592_2255187018152085_2998761440135496265_n.jpg?stp=dst-jpg_e35_s1080x1080&_nc_ht=instagram.frba3-2.fna.fbcdn.net&_nc_cat=109&_nc_ohc=ExmkMYpKfesQ7kNvgFNQJOD&edm=AOQ1c0wBAAAA&ccb=7-5&ig_cache_key=MzM1MjU4NTczMTc1MDUyMjQwNw%3D%3D.2-ccb7-5&oh=00_AfA_tCemweLh-6kKvyp-44vjd7yCoSEmittt06VI3NJOmA&oe=66380910&_nc_sid=8b3546', 'None'),
('C6D9pblCPRY', 54725478,'2024-04-22 11:22:44', 'https://instagram.frba3-1.fna.fbcdn.net/v/t51.29350-15/440190266_1105092340766884_3310976615105963749_n.jpg?stp=dst-jpg_e35_s1080x1080&_nc_ht=instagram.frba3-1.fna.fbcdn.net&_nc_cat=104&_nc_ohc=ndA-Zzbu9QwQ7kNvgHzjUjx&edm=AOQ1c0wBAAAA&ccb=7-5&ig_cache_key=MzM1MTc5MzY1ODIzNTQ2MjAzMw%3D%3D.2-ccb7-5&oh=00_AfBuD7NwgAXxRat7-MrkksGa2UsmyMecONB8z7EVliVYbg&oe=6637EB51&_nc_sid=8b3546', 'One step closer 🤌🏼'),
('C6axrK6Cmu2', 350879351,'2024-05-01 08:00:39', 'https://instagram.frba3-2.fna.fbcdn.net/v/t51.29350-15/440234476_666387278946930_8750197630413996292_n.jpg?stp=dst-jpg_e35_p1080x1080&_nc_ht=instagram.frba3-2.fna.fbcdn.net&_nc_cat=1&_nc_ohc=96xUdt5d7ukQ7kNvgE8TqHK&edm=AOQ1c0wBAAAA&ccb=7-5&ig_cache_key=MzM1ODIxNDkzMDE1MDQ5OTY4Ng%3D%3D.2-ccb7-5&oh=00_AfDr3dLesabH-Jjb6fr1OYQX8KOag8bDkOzAMsUGGyjtjA&oe=66380D63&_nc_sid=8b3546', 'ELLE 25 YAŞINDA! İşte ilk kapağımız!
«DÜŞ KURMA CESARETİ» - Düşküresindeki tüm düşleri gerçekleştirene kadar hiç ayak basılmamış topraklara, girilmemiş virajlara, çıkılmamış tepelere doğru emin adımlarla yürüyeceğine inandığımız yetenekli oyuncu #AfraSaraçoğlu, #Gucci’nin #SabatoDeSarno imzalı ilk koleksiyonuyla genç ve feminen enerjisini ELLE Türkiye’nin 25. yaş kutlama sayısına taşıyor.

ELLE Mayıs 25.yıl özel koleksiyon sayısını bayiilerden ve dergiburda.com’dan alabilir, trendyol, getir, n11 ve hepsiburada’dan sipariş verebilirsiniz.

@afrasaracoglu #afrasaraçoğlu
@elleturkiye X @gucci
#ELLE #ELLE25 #ELLE25Yaşında #ELLEMayıs #ELLEMayısSayısı @elleturkiye @elleinternational

Röportaj & Yayın Direktörü: @meldanar13 
Fotoğraflar: @kasanharaarslan
Moda Direktörü: @asilasli
Saç: @feritbelli / @no21istanbul
Makyaj: @alirizaozdemir
Set Tasarım&Dekor: @comertcan
Prodüktör: @w_leyla
Retouch: @ashkanramezani_t
Fotoğraf Asistanları: @acihanberk @cagdasezginn 
Moda Direktörü Asistanı: @damlareisoglu
Moda Ekibi Asistanı: @dilagorugen
Makyaj Asistanı: @yigitizgii
Set Tasarım&Dekor Asistanı: @sltnayseyll

Tüm Look: @gucci'),
('C5qYuUEsz0z', 350879351,'2024-04-12 12:59:05', 'https://instagram.frba3-2.fna.fbcdn.net/v/t51.29350-15/436799349_4079428912284179_508810194540047362_n.jpg?stp=dst-jpg_e35_p1080x1080&_nc_ht=instagram.frba3-2.fna.fbcdn.net&_nc_cat=1&_nc_ohc=wAsKAqt4mVoQ7kNvgG9ziqU&edm=AOQ1c0wBAAAA&ccb=7-5&ig_cache_key=MzM0NDU5NDQwMDg0NjEwNTUxNA%3D%3D.2-ccb7-5&oh=00_AfD2SkCMimE-ZaPUtAk9ZbHSMvUJke_7UTb7r7p5XXP9wg&oe=6637D72C&_nc_sid=8b3546', '💙🌙'),
('C6UWX78IPUT', 796014803,'2024-04-28 20:10:29', 'https://instagram.frba2-1.fna.fbcdn.net/v/t51.29350-15/440113876_939513371242799_5376543841538502577_n.jpg?stp=dst-jpg_e35_s1080x1080_sh0.08&_nc_ht=instagram.frba2-1.fna.fbcdn.net&_nc_cat=111&_nc_ohc=Ou3IpqN3184Q7kNvgHkN0xh&edm=AOQ1c0wBAAAA&ccb=7-5&oh=00_AfCS3A36Is4DE9kUV9v-KN_Nzl1G965960MPnRUtXGigcg&oe=66340C62&_nc_sid=8b3546', 'صاحبة السعادة ❤️❤️'),
('C6RPuauIaU4', 796014803,'2024-04-27 15:10:50', 'https://instagram.frba3-2.fna.fbcdn.net/v/t51.29350-15/440120382_413792108259725_8010956475820599071_n.jpg?stp=dst-jpg_e35_s1080x1080&_nc_ht=instagram.frba3-2.fna.fbcdn.net&_nc_cat=1&_nc_ohc=IFEEWKnK5DkQ7kNvgFAuhVm&edm=AOQ1c0wBAAAA&ccb=7-5&ig_cache_key=MzM1NTUzMjM1Nzg1MjU3MDkzNg%3D%3D.2-ccb7-5&oh=00_AfBYxAZTrcgOW_81BhSkrwvKgkHDVrdMnsgw2t2gqBw3fw&oe=6637EF42&_nc_sid=8b3546', 'احلي من البصل مفيش 😂'),
('C6RIrgdoCv8', 796014803,'2024-04-27 14:09:16', 'https://instagram.frba3-1.fna.fbcdn.net/v/t51.29350-15/440148999_804866014849812_6930977855459511056_n.jpg?stp=dst-jpg_e35_s1080x1080&_nc_ht=instagram.frba3-1.fna.fbcdn.net&_nc_cat=100&_nc_ohc=mi7OoaGXMA4Q7kNvgFs3q_Z&edm=AOQ1c0wBAAAA&ccb=7-5&ig_cache_key=MzM1NTUwMTM1ODc2NjcyMDM3Nw%3D%3D.2-ccb7-5&oh=00_AfBkQ8J3QOt86cHUEJuaQR6fnS_854rBt_YGOy3kadWlHw&oe=6637FB63&_nc_sid=8b3546', 'صاحبة السعادة 🔥🔥🔥🔥🔥'),
('C58V-AQIYRd', 796014803,'2024-04-19 12:21:20', 'https://instagram.frba3-2.fna.fbcdn.net/v/t51.29350-15/437905350_1635671967248658_4873068581823008390_n.jpg?stp=dst-jpg_e35_p1080x1080&_nc_ht=instagram.frba3-2.fna.fbcdn.net&_nc_cat=106&_nc_ohc=l9oYGB3OXqoQ7kNvgHu7jeW&edm=AOQ1c0wBAAAA&ccb=7-5&ig_cache_key=MzM0OTY0ODg0MjcxMTcyOTI0NQ%3D%3D.2-ccb7-5&oh=00_AfAU76n5w5fIgrayVabS59SIE_-gDmS2Z49TLz2NDcpbaw&oe=6637DAF4&_nc_sid=8b3546', 'البقاء لله'),
('C53EIBEIejj', 796014803,'2024-04-17 11:09:13', 'https://instagram.frba2-1.fna.fbcdn.net/v/t51.29350-15/437309668_3667181260237403_909219406865059773_n.jpg?stp=dst-jpg_e35_p1080x1080&_nc_ht=instagram.frba2-1.fna.fbcdn.net&_nc_cat=111&_nc_ohc=_04O8YX1N3kQ7kNvgH3YEIc&edm=AOQ1c0wBAAAA&ccb=7-5&ig_cache_key=MzM0ODE2Mjk5MTA1ODE4NDQxOQ%3D%3D.2-ccb7-5&oh=00_AfCaP0yNNJmdRWv47PbdwP0b-bF1i_gdPKkw1A1bKqpEug&oe=6638030E&_nc_sid=8b3546', '❤️❤️'),
('C5l-qG_gG5b', 796014803,'2024-04-10 19:58:07', 'https://instagram.frba3-2.fna.fbcdn.net/v/t51.29350-15/437503514_407179751927562_4215966988480801697_n.jpg?stp=dst-jpg_e15&_nc_ht=instagram.frba3-2.fna.fbcdn.net&_nc_cat=106&_nc_ohc=B9qSZJho2HMQ7kNvgH41Lj_&edm=AOQ1c0wBAAAA&ccb=7-5&oh=00_AfB7QuDpt-Wo_haMl1aMUSxF2iv5VhwhDALAGKPycU6f0g&oe=6633EFCD&_nc_sid=8b3546', 'كل سنة وانتوا طيبين عيد سعيد ❤️'),
('CZCm5fcIKob', 357315233,'2022-01-22 17:29:17', 'https://instagram.frba3-1.fna.fbcdn.net/v/t51.29350-15/272285052_277684447784005_7208111716429803166_n.jpg?stp=dst-jpg_e35&_nc_ht=instagram.frba3-1.fna.fbcdn.net&_nc_cat=101&_nc_ohc=c66WSp52BvYQ7kNvgFa8SgW&edm=AOQ1c0wBAAAA&ccb=7-5&oh=00_AfDuFkDcntfXe-Kc_1XWLSIQi4yLVthoJ9ccpHiQguvbaQ&oe=6634015D&_nc_sid=8b3546', 'Wanted to post this one🥺❤️'),
('CmbtfReSAzu', 7495306835,'2022-12-21 14:15:26', 'https://instagram.frba3-1.fna.fbcdn.net/v/t51.29350-15/321112120_1361169471360004_232611589404672365_n.jpg?stp=dst-jpg_e35_s1080x1080&_nc_ht=instagram.frba3-1.fna.fbcdn.net&_nc_cat=104&_nc_ohc=vKAXro-ekrwQ7kNvgHB0wC_&edm=AOQ1c0wBAAAA&ccb=7-5&ig_cache_key=Mjk5ODE5MDAzMjQxNjIwNjYyNg%3D%3D.2-ccb7-5&oh=00_AfDH0nQS7kaUP4PlZ48UJp-qyQG4tGhS0WH__NUWssdVRw&oe=6637FEAA&_nc_sid=8b3546', 'ورح نختم سنة 2022 بحصولي على الجائزة الذهبية لافضل صانعة محتوى عائلي للسنة 😍 كتير فخورة بهشي ويلي انتو جزء منو ❤️ بحبكم'),
('C6Lw1Yyyyv-', 7495306835,'2024-04-25 12:04:42', 'https://instagram.frba3-1.fna.fbcdn.net/v/t51.29350-15/440588025_415691417874516_1192147877365842622_n.jpg?stp=dst-jpg_e35_p1080x1080&_nc_ht=instagram.frba3-1.fna.fbcdn.net&_nc_cat=100&_nc_ohc=hH5xpAmcmwQQ7kNvgGeh0Q-&edm=AOQ1c0wBAAAA&ccb=7-5&ig_cache_key=MzM1Mzk4OTExNzE5MjU0MDg4Mg%3D%3D.2-ccb7-5&oh=00_AfD3n1EI48vdhXx9ExkLP_ER_kdvwINUxJ1FUxqKily2vg&oe=663808D9&_nc_sid=8b3546', 'About last night ✨'),
('C6GnJBISKdI', 7495306835,'2024-04-23 12:04:44', 'https://instagram.frba3-2.fna.fbcdn.net/v/t51.29350-15/440474247_291929100672522_4632713100328052995_n.jpg?stp=dst-jpg_e35_p1080x1080_sh0.08&_nc_ht=instagram.frba3-2.fna.fbcdn.net&_nc_cat=1&_nc_ohc=RaOvihBzkQ0Q7kNvgEO7hMu&edm=AOQ1c0wBAAAA&ccb=7-5&oh=00_AfAEQnTUc0HayKhvDCiZPc35s4tD4t_eZEOqSnGTUUoeDQ&oe=6633EDFF&_nc_sid=8b3546', 'None'),
('C6CACVgSkhe', 7495306835,'2024-04-21 17:05:08', 'https://instagram.frba2-2.fna.fbcdn.net/v/t51.29350-15/440091062_371980935325383_4046457050142498937_n.jpg?stp=dst-jpg_e35_p1080x1080&_nc_ht=instagram.frba2-2.fna.fbcdn.net&_nc_cat=103&_nc_ohc=5zinTZNUA_0Q7kNvgEFqN7T&edm=AOQ1c0wBAAAA&ccb=7-5&ig_cache_key=MzM1MTI0MTIyNTczMDA4NzU2NQ%3D%3D.2-ccb7-5&oh=00_AfBUHq2ddYjOTxwaTbWChFy0R-873BtX4KDGxj1fva5Yeg&oe=6637F348&_nc_sid=8b3546', 'اسمي "جوي" وأنا فرد جديد من أفراد عائلة عفراء ، عمري ٣ شهور ، لسى مو شاطرة بالتصوير صراحة بس شاطرة بالاكل والنوم واني اسرق والعب بكل العاب كنان 🐶'),
('C6WT_AhobbZ', 1692051811,'2024-04-29 14:29:48', 'https://instagram.frba3-2.fna.fbcdn.net/v/t51.29350-15/440631421_394582753449633_2079371692708738344_n.jpg?stp=dst-jpg_e15&_nc_ht=instagram.frba3-2.fna.fbcdn.net&_nc_cat=109&_nc_ohc=ABhc8dpGrEUQ7kNvgHHaza_&edm=AOQ1c0wBAAAA&ccb=7-5&oh=00_AfB2qvR1QAMdLIXibbRLGyF9CnGqHuX0R3jbyEPELg4Q_A&oe=66340C47&_nc_sid=8b3546', 'Cool as you like from Yassine Bounou! 🤩

يبدو أن بونو يطمح إلى تغيير مركزه 😁');


INSERT INTO HASHTAGS (HASHTAG) VALUES
('freemaxb'),
('foreverchinx'),
('norafatehixnuessentials'),
('noralovesnuessentials'),
('nuessentials'),
('nuessentialsbyzeroharm'),
('zeroharmnuessentials'),
('indias1stmeltingnanocollagenmask'),
('collagenmask'),
('nanocollagenmask'),
('meltingcollagenmask'),
('ad'),
('crakkonhotstar'),
('shalakaspawar'),
('afrasaraçoğlu'),
('gucci'),
('sabatodesarno'),
('elle'),
('elle25'),
('elle25yaşında'),
('ellemayıs'),
('ellemayıssayısı');


INSERT INTO HASHTAGMAPPINGS (POST_ID, HASHTAG_ID) VALUES
('C3tJDcDuUtF', (SELECT HASHTAG_ID FROM HASHTAGS WHERE hashtag = 'freemaxb')),
('C3tJDcDuUtF', (SELECT HASHTAG_ID FROM HASHTAGS WHERE hashtag = 'foreverchinx')),
('C5GS5nXCyWC', (SELECT HASHTAG_ID FROM HASHTAGS WHERE hashtag = 'norafatehixnuessentials')),
('C5GS5nXCyWC', (SELECT HASHTAG_ID FROM HASHTAGS WHERE hashtag = 'noralovesnuessentials')),
('C5GS5nXCyWC', (SELECT HASHTAG_ID FROM HASHTAGS WHERE hashtag = 'nuessentials')),
('C5GS5nXCyWC', (SELECT HASHTAG_ID FROM HASHTAGS WHERE hashtag = 'nuessentialsbyzeroharm')),
('C5GS5nXCyWC', (SELECT HASHTAG_ID FROM HASHTAGS WHERE hashtag = 'zeroharmnuessentials')),
('C5GS5nXCyWC', (SELECT HASHTAG_ID FROM HASHTAGS WHERE hashtag = 'indias1stmeltingnanocollagenmask')),
('C5GS5nXCyWC', (SELECT HASHTAG_ID FROM HASHTAGS WHERE hashtag = 'collagenmask')),
('C5GS5nXCyWC', (SELECT HASHTAG_ID FROM HASHTAGS WHERE hashtag = 'nanocollagenmask')),
('C5GS5nXCyWC', (SELECT HASHTAG_ID FROM HASHTAGS WHERE hashtag = 'meltingcollagenmask')),
('C5GS5nXCyWC', (SELECT HASHTAG_ID FROM HASHTAGS WHERE hashtag = 'ad')),
('C6Ti4yCIrTE', (SELECT HASHTAG_ID FROM HASHTAGS WHERE hashtag = 'crakkonhotstar')),
('C6Ti4yCIrTE', (SELECT HASHTAG_ID FROM HASHTAGS WHERE hashtag = 'shalakaspawar')),
('C6axrK6Cmu2', (SELECT HASHTAG_ID FROM HASHTAGS WHERE hashtag = 'afrasaraçoğlu')),
('C6axrK6Cmu2', (SELECT HASHTAG_ID FROM HASHTAGS WHERE hashtag = 'gucci')),
('C6axrK6Cmu2', (SELECT HASHTAG_ID FROM HASHTAGS WHERE hashtag = 'sabatodesarno')),
('C6axrK6Cmu2', (SELECT HASHTAG_ID FROM HASHTAGS WHERE hashtag = 'elle')),
('C6axrK6Cmu2', (SELECT HASHTAG_ID FROM HASHTAGS WHERE hashtag = 'elle25')),
('C6axrK6Cmu2', (SELECT HASHTAG_ID FROM HASHTAGS WHERE hashtag = 'elle25yaşında')),
('C6axrK6Cmu2', (SELECT HASHTAG_ID FROM HASHTAGS WHERE hashtag = 'ellemayıs')),
('C6axrK6Cmu2', (SELECT HASHTAG_ID FROM HASHTAGS WHERE hashtag = 'ellemayıssayısı'));


INSERT INTO LIKES VALUES
(357315233, 'CmbtfReSAzu', '2024-08-23 04:55:02'),
(350879351, 'C6QsRM-CmZQ', '2024-01-25 08:51:10'),
(54725478, 'C6WLAzKsXgE', '2024-10-15 08:36:01'),
(350879351, 'C5l-qG_gG5b', '2024-11-25 21:54:28'),
(7495306835, 'CmbtfReSAzu', '2024-07-23 18:01:56'),
(14634719, 'C6V1nPKMKhU', '2024-06-20 16:30:54'),
(54725478, 'C5qYuUEsz0z', '2024-08-14 17:23:08'),
(14634719, 'C6QtRMmiVS1', '2024-07-16 19:56:22'),
(1692051811, 'C6RPuauIaU4', '2024-03-07 08:16:20'),
(465280560, 'C6V1nPKMKhU', '2024-12-11 04:25:32'),
(796014803, 'C53EIBEIejj', '2024-10-19 07:58:03'),
(54725478, 'C6UWX78IPUT', '2024-07-19 08:01:13'),
(1692051811, 'C6UWX78IPUT', '2024-09-07 05:33:52'),
(350879351, 'C6Lw1Yyyyv-', '2024-02-07 09:13:52'),
(796014803, 'C6OluVjiMc1', '2024-10-22 17:33:45'),
(244309106, 'C6GnJBISKdI', '2024-06-04 03:18:26'),
(244309106, 'CZCm5fcIKob', '2024-12-01 17:44:28'),
(796014803, 'C5rk3jWO5Ye', '2024-08-16 04:00:51'),
(528977978, 'C3tJDcDuUtF', '2024-06-14 23:23:46'),
(465280560, 'C6YyDghiJPO', '2024-04-10 19:38:02'),
(465280560, 'C53EIBEIejj', '2024-02-18 03:18:11'),
(1692051811, 'C6WT_AhobbZ', '2024-04-19 04:55:58'),
(796014803, 'C6WT_AhobbZ', '2024-08-23 18:48:07'),
(54725478, 'Cri9WslszTq', '2024-09-28 11:48:36'),
(796014803, 'C6QtRMmiVS1', '2024-10-08 01:19:09'),
(54725478, 'CZCm5fcIKob', '2024-02-23 14:52:50'),
(54725478, 'C6GxvoXCc0f', '2024-06-21 10:17:06'),
(7495306835, 'Cri9WslszTq', '2024-12-18 17:09:23'),
(350879351, 'C58V-AQIYRd', '2024-04-01 01:01:34'),
(54725478, 'C6D9pblCPRY', '2024-05-12 09:57:28'),
(1692051811, 'C6YyDghiJPO', '2024-09-09 11:54:45'),
(7495306835, 'C6TbkNhCDEF', '2024-11-15 20:03:14'),
(528977978, 'C6YyDghiJPO', '2024-03-21 11:32:00'),
(7495306835, 'C6QtRMmiVS1', '2024-02-11 18:14:06'),
(350879351, 'C5q7Lq4OVby', '2024-05-07 04:05:18'),
(357315233, 'C6OluVjiMc1', '2024-05-17 15:44:05'),
(357315233, 'C6YyDghiJPO', '2024-05-13 16:19:41'),
(357315233, 'C3tJDcDuUtF', '2024-12-14 21:40:21'),
(244309106, 'C6WLAzKsXgE', '2024-06-12 18:26:18'),
(1692051811, 'C6SDZQONprG', '2024-01-15 09:39:01'),
(528977978, 'C6OluVjiMc1', '2024-01-17 18:43:54'),
(244309106, 'C5qYuUEsz0z', '2024-05-24 10:01:24'),
(528977978, 'C6SDZQONprG', '2024-03-01 15:11:44'),
(14634719, 'C6ZaFxDtp5J', '2024-03-27 02:51:56'),
(357315233, 'C5qYuUEsz0z', '2024-12-14 10:16:14'),
(7495306835, 'C3tJDcDuUtF', '2024-10-08 01:21:51'),
(244309106, 'C6TbkNhCDEF', '2024-08-19 11:08:44'),
(54725478, 'C6V1nPKMKhU', '2024-08-10 08:23:19'),
(357315233, 'C6RIrgdoCv8', '2024-05-23 00:31:16'),
(54725478, 'C6Ti4yCIrTE', '2024-10-09 10:53:16'),
(7495306835, 'C6OluVjiMc1', '2024-05-11 05:52:33'),
(350879351, 'C5qYuUEsz0z', '2024-08-20 23:48:08'),
(244309106, 'C6Ti4yCIrTE', '2024-08-24 00:21:04'),
(528977978, 'C5rk3jWO5Ye', '2024-02-04 15:30:36'),
(796014803, 'C6UWX78IPUT', '2024-03-07 18:43:51'),
(350879351, 'C6D9pblCPRY', '2024-04-23 17:57:12'),
(14634719, 'C6axrK6Cmu2', '2024-04-07 12:21:29'),
(528977978, 'C6Lw1Yyyyv-', '2024-04-16 15:41:11'),
(528977978, 'C6CACVgSkhe', '2024-01-22 02:44:34'),
(528977978, 'C6QtRMmiVS1', '2024-11-13 08:02:58'),
(54725478, 'C6JVGQPiHPw', '2024-06-26 18:04:07'),
(54725478, 'C53EIBEIejj', '2024-10-24 03:32:56'),
(7495306835, 'C6ZaFxDtp5J', '2024-08-15 21:38:39'),
(14634719, 'C5GS5nXCyWC', '2024-09-15 08:25:52'),
(7495306835, 'C6CACVgSkhe', '2024-07-04 06:32:11'),
(528977978, 'C6JVGQPiHPw', '2024-09-10 23:33:21');


INSERT INTO SAVEDPOSTS VALUES
(54725478, 'C6V1nPKMKhU', '2024-11-20 10:33:20'),
(465280560, 'C6QtRMmiVS1', '2024-04-22 19:12:47'),
(244309106, 'C3tJDcDuUtF', '2024-02-11 00:49:45'),
(465280560, 'C6Lw1Yyyyv-', '2024-12-27 13:12:39'),
(54725478, 'C6WT_AhobbZ', '2024-06-17 08:30:35'),
(7495306835, 'Cri9WslszTq', '2024-06-21 07:05:03'),
(14634719, 'C6axrK6Cmu2', '2024-02-11 22:03:40'),
(357315233, 'C6RIrgdoCv8', '2024-01-19 02:40:13'),
(350879351, 'C6ZaFxDtp5J', '2024-02-12 09:19:04'),
(54725478, 'C6YyDghiJPO', '2024-11-04 19:43:43'),
(244309106, 'C6GxvoXCc0f', '2024-06-11 01:27:33'),
(54725478, 'CmbtfReSAzu', '2024-03-20 11:26:59'),
(14634719, 'C53EIBEIejj', '2024-10-10 08:36:10'),
(796014803, 'C58V-AQIYRd', '2024-06-18 20:02:44'),
(14634719, 'Cri9WslszTq', '2024-01-23 15:59:31'),
(796014803, 'C6OluVjiMc1', '2024-09-17 08:54:37'),
(796014803, 'C6SDZQONprG', '2024-04-10 20:13:04'),
(350879351, 'C5l-qG_gG5b', '2024-05-13 01:51:12'),
(796014803, 'C6QtRMmiVS1', '2024-10-13 02:35:32'),
(796014803, 'C53EIBEIejj', '2024-10-25 18:46:18'),
(350879351, 'C6QsRM-CmZQ', '2024-07-27 00:51:40'),
(1692051811, 'Cri9WslszTq', '2024-04-18 16:32:48'),
(465280560, 'C6SDZQONprG', '2024-04-04 20:40:55'),
(357315233, 'C6TPM1uLd49', '2024-08-03 05:08:03'),
(1692051811, 'C6QsRM-CmZQ', '2024-02-09 21:50:06'),
(1692051811, 'C53EIBEIejj', '2024-02-21 20:28:53'),
(244309106, 'C6JVGQPiHPw', '2024-12-01 19:15:53'),
(1692051811, 'C3tJDcDuUtF', '2024-10-14 03:56:26'),
(14634719, 'CZCm5fcIKob', '2024-05-15 04:21:27'),
(1692051811, 'C6QtRMmiVS1', '2024-08-02 23:01:27'),
(350879351, 'C5qYuUEsz0z', '2024-03-04 15:30:23'),
(54725478, 'C6UWX78IPUT', '2024-12-16 05:32:14'),
(54725478, 'C6SDZQONprG', '2024-04-13 16:11:58'),
(54725478, 'C6Ti4yCIrTE', '2024-10-12 04:33:04'),
(7495306835, 'C58V-AQIYRd', '2024-12-26 12:17:02'),
(465280560, 'C58V-AQIYRd', '2024-09-28 20:28:11'),
(465280560, 'C5q7Lq4OVby', '2024-02-25 14:37:37'),
(1692051811, 'CZCm5fcIKob', '2024-02-07 06:20:08'),
(14634719, 'C5l-qG_gG5b', '2024-04-26 11:08:43'),
(528977978, 'C6WT_AhobbZ', '2024-10-15 07:31:29'),
(14634719, 'C6Lw1Yyyyv-', '2024-05-27 09:02:03'),
(54725478, 'CZCm5fcIKob', '2024-03-14 19:52:10'),
(357315233, 'C5GS5nXCyWC', '2024-09-28 09:57:05'),
(54725478, 'C6RPuauIaU4', '2024-11-27 15:22:39'),
(357315233, 'C6D9pblCPRY', '2024-03-28 22:02:58'),
(796014803, 'C6WLAzKsXgE', '2024-06-23 17:14:01'),
(7495306835, 'C6RIrgdoCv8', '2024-03-01 11:20:27'),
(796014803, 'Cri9WslszTq', '2024-12-27 12:32:17'),
(465280560, 'C6JVGQPiHPw', '2024-08-14 10:27:14'),
(14634719, 'C5GS5nXCyWC', '2024-05-12 08:17:22'),
(465280560, 'C6WLAzKsXgE', '2024-10-24 08:56:27'),
(528977978, 'C6GxvoXCc0f', '2024-05-10 11:30:20'),
(357315233, 'C6QsRM-CmZQ', '2024-02-10 14:43:07'),
(350879351, 'Cri9WslszTq', '2024-12-07 04:33:44'),
(796014803, 'C6CACVgSkhe', '2024-04-22 10:38:22'),
(14634719, 'C6YyDghiJPO', '2024-02-13 05:25:50'),
(1692051811, 'C6RPuauIaU4', '2024-08-07 14:52:25'),
(244309106, 'C6UWX78IPUT', '2024-01-17 11:41:05'),
(54725478, 'C3tJDcDuUtF', '2024-03-03 11:21:07'),
(7495306835, 'C6YyDghiJPO', '2024-05-15 21:50:55'),
(465280560, 'CmbtfReSAzu', '2024-01-05 11:20:47'),
(7495306835, 'C6axrK6Cmu2', '2024-11-24 02:47:31'),
(528977978, 'C6RPuauIaU4', '2024-08-07 02:18:04'),
(357315233, 'C6YyDghiJPO', '2024-06-06 06:32:15'),
(350879351, 'C6WLAzKsXgE', '2024-07-11 03:27:39'),
(54725478, 'C58V-AQIYRd', '2024-07-08 18:54:55');


INSERT INTO COMMENTS VALUES
(465280560, 'C6WLAzKsXgE', '2024-05-28 11:15:50', 'Citizen low main at they free usually.'),
(244309106, 'C6OluVjiMc1', '2024-04-23 00:08:22', 'Lose option size throughout generation.'),
(1692051811, 'C6UWX78IPUT', '2024-06-01 11:02:29', 'Quality bring while trial campaign prove box less notice.'),
(244309106, 'C6WLAzKsXgE', '2024-08-19 05:53:11', 'Why.'),
(7495306835, 'C5GS5nXCyWC', '2024-10-23 17:48:41', 'Money system position lose career so mother PM either.'),
(1692051811, 'C53EIBEIejj', '2024-02-12 01:02:40', 'Left Republican news eye contain create.'),
(7495306835, 'C6ZaFxDtp5J', '2024-08-21 18:35:15', 'Citizen school admit along hospital people effort.'),
(7495306835, 'Cri9WslszTq', '2024-10-12 15:41:48', 'Treatment activity rich chair chair.'),
(244309106, 'CZCm5fcIKob', '2024-01-16 21:25:16', 'Career onto service social free modern at store body avoid.'),
(7495306835, 'C6JVGQPiHPw', '2024-04-25 00:47:10', 'Risk physical.'),
(54725478, 'C6RIrgdoCv8', '2024-09-20 21:39:46', 'Indeed quality music these speech hope identify enjoy.'),
(54725478, 'C5rk3jWO5Ye', '2024-09-19 06:57:01', 'Leg successful.'),
(1692051811, 'C6GxvoXCc0f', '2024-05-22 12:47:46', 'Book shoulder.'),
(54725478, 'C6TbkNhCDEF', '2024-12-01 05:57:33', 'Professional lot.'),
(796014803, 'C58V-AQIYRd', '2024-02-21 19:58:09', 'Left floor scene others away year character perform throughout nation around.'),
(796014803, 'C3tJDcDuUtF', '2024-03-04 22:45:34', 'Tonight authority sister town camera trial popular into.'),
(14634719, 'C6WLAzKsXgE', '2024-09-16 00:13:57', 'Suggest store detail.'),
(465280560, 'Cri9WslszTq', '2024-09-07 21:39:33', 'Son upon easy yes drive image analysis add stage.'),
(528977978, 'C5q7Lq4OVby', '2024-02-11 05:41:55', 'Listen finally agency too century TV young sort notice.'),
(357315233, 'C6GxvoXCc0f', '2024-05-03 11:01:49', 'Condition poor value brother picture suffer firm current to.'),
(244309106, 'C6QsRM-CmZQ', '2024-10-06 18:53:14', 'President who yourself claim wall can.'),
(1692051811, 'C5l-qG_gG5b', '2024-01-08 06:50:58', 'Want whether chance most region agency without.'),
(54725478, 'CZCm5fcIKob', '2024-10-10 09:37:43', 'Expect understand question available new.'),
(7495306835, 'C53EIBEIejj', '2024-03-21 08:16:38', 'Sound blue argue arrive end establish.'),
(357315233, 'C6SDZQONprG', '2024-10-28 11:56:10', 'Art soon read movie.'),
(357315233, 'C6WT_AhobbZ', '2024-02-14 00:33:50', 'Authority yeah season full position nature.'),
(796014803, 'C5q7Lq4OVby', '2024-01-25 18:40:26', 'Game trouble its thank their store.'),
(7495306835, 'C6TbkNhCDEF', '2024-11-28 23:06:54', 'Ago beat thought although several could drive.'),
(54725478, 'C6QsRM-CmZQ', '2024-07-17 18:23:46', 'Seek detail response conference.'),
(465280560, 'C6QtRMmiVS1', '2024-12-10 17:50:32', 'Through condition understand.'),
(357315233, 'C6Ti4yCIrTE', '2024-08-08 02:22:15', 'Enter interesting beyond service cultural sit public.'),
(357315233, 'C6OluVjiMc1', '2024-04-13 23:08:12', 'Manager image different.'),
(796014803, 'C6QsRM-CmZQ', '2024-10-19 15:18:13', 'Create TV history.'),
(528977978, 'C6RPuauIaU4', '2024-05-16 07:21:08', 'Interview past culture.'),
(14634719, 'C6ZaFxDtp5J', '2024-03-11 10:17:39', 'Factor almost any along successful positive education then tend later.'),
(244309106, 'C6SDZQONprG', '2024-05-07 21:29:04', 'Worker trial serious movie brother toward international wide parent.'),
(465280560, 'C5rk3jWO5Ye', '2024-02-19 13:37:11', 'Scientist explain think sound shake.'),
(14634719, 'CZCm5fcIKob', '2024-05-27 13:29:38', 'Treat finally new full nor character.'),
(350879351, 'C5qYuUEsz0z', '2024-02-03 19:01:15', 'Myself audience drug walk development minute central realize news.'),
(528977978, 'C5GS5nXCyWC', '2024-02-25 09:48:43', 'Main much early begin bring learn huge tough learn program chance.'),
(350879351, 'C6GnJBISKdI', '2024-09-06 16:39:28', 'Piece another budget all visit.'),
(796014803, 'C6RIrgdoCv8', '2024-04-21 20:40:21', 'Person each so call deep.'),
(1692051811, 'C6CACVgSkhe', '2024-07-11 17:46:18', 'Occur environmental late trial star beyond minute evidence attention tough life work.'),
(244309106, 'C6JVGQPiHPw', '2024-10-16 02:06:21', 'Camera south believe morning growth agency.'),
(1692051811, 'C6GnJBISKdI', '2024-04-07 23:45:43', 'Prepare forward challenge bill.'),
(54725478, 'CmbtfReSAzu', '2024-02-27 03:16:13', 'Similar information city themselves age how go push age continue use source.'),
(7495306835, 'C58V-AQIYRd', '2024-10-11 04:43:38', 'Author up at somebody here try.'),
(54725478, 'C53EIBEIejj', '2024-02-08 00:24:06', 'Hard allow.'),
(14634719, 'C5GS5nXCyWC', '2024-01-17 00:39:54', 'Small then receive business think sea Mr stuff pull safe.'),
(244309106, 'C3tJDcDuUtF', '2024-02-22 05:24:28', 'Than hundred maintain most.'),
(357315233, 'C6ZaFxDtp5J', '2024-11-05 04:43:40', 'Art girl seven.'),
(350879351, 'C6SDZQONprG', '2024-02-17 15:12:19', 'Visit table section political of six very.'),
(1692051811, 'C6ZaFxDtp5J', '2024-05-23 16:53:45', 'Choose just style American rock look ask.'),
(14634719, 'C6WT_AhobbZ', '2024-06-23 09:15:05', 'Along indeed candidate protect themselves after.'),
(14634719, 'C6GxvoXCc0f', '2024-08-15 19:13:02', 'Investment hospital.'),
(350879351, 'C6Lw1Yyyyv-', '2024-01-09 11:51:24', 'Reality mission else rich attack.'),
(7495306835, 'C5l-qG_gG5b', '2024-02-08 07:25:33', 'Represent measure eight cell carry door example.'),
(244309106, 'C6WT_AhobbZ', '2024-02-22 18:14:48', 'Authority head tonight party.'),
(350879351, 'C53EIBEIejj', '2024-01-02 18:11:55', 'Federal policy.'),
(244309106, 'C5l-qG_gG5b', '2024-06-28 08:40:49', 'History maintain read add ever include manager.'),
(465280560, 'C58V-AQIYRd', '2024-07-04 06:41:30', 'Lot late firm official help itself small respond concern.'),
(1692051811, 'C6QtRMmiVS1', '2024-08-02 02:14:31', 'Imagine share certainly trouble as check itself.'),
(796014803, 'C6Lw1Yyyyv-', '2024-05-06 22:47:57', 'Decision inside edge who notice society action blood college.'),
(796014803, 'C5rk3jWO5Ye', '2024-09-08 00:02:11', 'Into note kind information visit act onto might common.'),
(54725478, 'C6GxvoXCc0f', '2024-03-25 14:51:34', 'Participant day.'),
(350879351, 'C6UWX78IPUT', '2024-05-15 19:41:41', 'Provide participant meeting prove go art.'),
(796014803, 'CmbtfReSAzu', '2024-07-09 07:38:31', 'Trouble lay bring matter position team attack government chair.'),
(796014803, 'C6JVGQPiHPw', '2024-02-28 10:43:26', 'Scene high number sort east the.'),
(465280560, 'C6UWX78IPUT', '2024-01-10 15:01:27', 'Happen force want threat.'),
(465280560, 'C6TPM1uLd49', '2024-03-19 04:02:35', 'Try likely democratic natural bag car daughter.'),
(54725478, 'C6Lw1Yyyyv-', '2024-01-06 06:01:46', 'The million city strategy unit Congress sound.'),
(7495306835, 'C6SDZQONprG', '2024-03-12 13:00:38', 'Action no hear specific.'),
(357315233, 'C6QtRMmiVS1', '2024-10-17 04:43:27', 'Trouble wish employee half rule happy environmental.'),
(244309106, 'C5rk3jWO5Ye', '2024-09-27 20:16:15', 'Site I evening such family house laugh administration couple school ok voice team operation.'),
(796014803, 'C6TPM1uLd49', '2024-11-04 18:09:18', 'Most attorney statement significant Republican certainly someone audience might community forward.'),
(1692051811, 'C6RIrgdoCv8', '2024-05-12 13:18:48', 'Young.'),
(465280560, 'C6RIrgdoCv8', '2024-06-11 06:00:30', 'Boy again not agree make modern treat.'),
(465280560, 'C6TbkNhCDEF', '2024-09-03 01:39:18', 'Economic much without expert from arm.'),
(14634719, 'C6QsRM-CmZQ', '2024-01-01 06:38:41', 'Enjoy establish world drive special.'),
(528977978, 'CmbtfReSAzu', '2024-12-08 08:36:56', 'Remember hold human prepare evening.'),
(357315233, 'C6QsRM-CmZQ', '2024-06-22 08:22:28', 'Far pretty deal method simple.'),
(54725478, 'C6V1nPKMKhU', '2024-07-01 17:21:13', 'Material collection read agreement off watch.'),
(7495306835, 'C6CACVgSkhe', '2024-02-03 13:25:37', 'Southern position catch quickly military spring close third nation necessary suffer fear news.'),
(1692051811, 'CZCm5fcIKob', '2024-01-09 22:17:59', 'Realize doctor support.'),
(796014803, 'CZCm5fcIKob', '2024-05-15 10:54:38', 'Scene bank man close man carry.'),
(357315233, 'C6TbkNhCDEF', '2024-09-25 15:40:57', 'Condition garden pretty often season eat.'),
(7495306835, 'C6D9pblCPRY', '2024-09-19 13:50:26', 'Resource sea grow week.'),
(528977978, 'C5qYuUEsz0z', '2024-08-27 18:45:16', 'Animal throw prevent.'),
(54725478, 'C6QtRMmiVS1', '2024-06-23 01:13:59', 'Imagine open citizen.'),
(357315233, 'C5q7Lq4OVby', '2024-12-05 00:08:11', 'His what.'),
(244309106, 'C58V-AQIYRd', '2024-12-01 06:49:34', 'Community price.'),
(528977978, 'C6V1nPKMKhU', '2024-01-23 13:40:28', 'Fly door together cold across its much move laugh.'),
(796014803, 'C5l-qG_gG5b', '2024-11-08 05:50:19', 'Red baby feel compare city soon.'),
(1692051811, 'C6WT_AhobbZ', '2024-10-09 10:31:51', 'Look discover us sound.'),
(528977978, 'C6GxvoXCc0f', '2024-04-26 00:43:44', 'Section while catch although why.'),
(14634719, 'C5q7Lq4OVby', '2024-07-21 11:11:43', 'Effect physical he reality quality there.'),
(54725478, 'C6SDZQONprG', '2024-02-12 23:03:36', 'Will left field modern against specific see also.'),
(796014803, 'C6Ti4yCIrTE', '2024-01-05 21:13:34', 'Call contain break two garden stop.'),
(350879351, 'C6ZaFxDtp5J', '2024-12-11 02:28:57', 'Director deep best campaign car relate fly.');


INSERT INTO DIRECTMESSAGES VALUES
(796014803, 54725478, 'Enjoy big level candidate pressure practice federal find behind ever from network worker.', '2024-03-12 10:05:45'),
(465280560, 14634719, 'Bed sign suddenly recently newspaper eat report ten.', '2024-02-23 14:24:39'),
(357315233, 244309106, 'Room brother quality ever.', '2024-03-22 04:00:39'),
(1692051811, 7495306835, 'Hot example lawyer big school by that including game would.', '2024-09-11 14:04:05'),
(7495306835, 357315233, 'Production keep she say.', '2024-02-06 06:43:50'),
(54725478, 14634719, 'Likely summer while civil occur low like.', '2024-06-12 11:12:20'),
(357315233, 465280560, 'Left call have similar research sister line simply between page cut mean work easy.', '2024-08-07 17:32:31'),
(1692051811, 357315233, 'Song computer necessary industry will total various foot rather.', '2024-03-06 14:14:47'),
(244309106, 796014803, 'Store consider put director carry event statement perhaps.', '2024-12-06 20:04:51'),
(528977978, 357315233, 'Cause hotel should quality for trip project.', '2024-05-24 05:53:53'),
(465280560, 796014803, 'Action offer toward.', '2024-10-15 19:34:55'),
(357315233, 54725478, 'Watch PM discover single cut writer.', '2024-01-09 10:55:03'),
(796014803, 528977978, 'Central half draw speak audience into simply century theory spend school room.', '2024-10-03 20:50:35'),
(244309106, 54725478, 'Yard capital firm over American trouble might win.', '2024-07-09 05:06:23'),
(244309106, 528977978, 'House perhaps fish condition for least that war in.', '2024-07-18 15:44:18'),
(465280560, 54725478, 'Green job course piece record magazine cover record call apply.', '2024-06-22 20:55:21'),
(244309106, 14634719, 'Cause pretty spend include certain less management easy day easy.', '2024-02-04 02:13:43'),
(796014803, 14634719, 'But debate health more behavior phone where else couple agreement throughout meeting industry relationship.', '2024-08-06 22:31:47'),
(54725478, 357315233, 'Prove sure usually girl step include lawyer energy person cover finish wear.', '2024-02-01 14:50:43'),
(7495306835, 1692051811, 'Enter special herself pretty charge perform knowledge term glass.', '2024-12-13 05:41:26');


INSERT INTO STORIES VALUES
('C6SDZQONprG', 465280560,'2024-04-27 22:42:19', 'https://instagram.frba3-2.fna.fbcdn.net/v/t39.30808-6/440815617_18435099739000561_6680871703372336362_n.jpg?stp=dst-jpg_e35_p1080x1080_sh0.08&_nc_ht=instagram.frba3-2.fna.fbcdn.net&_nc_cat=1&_nc_ohc=PNNw3FA-N4kQ7kNvgGMEW2B&edm=APU89FAAAAAA&ccb=7-5&oh=00_AfDYbUrJVbadeqocRFGtikyEsOkO-lb-G6iHKYoa0veDNg&oe=66380B5D&_nc_sid=bc0c2c', 'À mercredi ✊🏽💪🏽'),
('Cri9WslszTq', 14634719,'2023-04-27 16:37:55', 'https://instagram.frba2-1.fna.fbcdn.net/v/t51.2885-15/343224909_6247411251982039_7905153107282936449_n.jpg?stp=dst-jpg_e15&_nc_ht=instagram.frba2-1.fna.fbcdn.net&_nc_cat=107&_nc_ohc=jnxDC4UnZFQQ7kNvgEaHmuj&edm=AOQ1c0wBAAAA&ccb=7-5&oh=00_AfC_9whbdAZUHgYMpZNiEftWafr4XiutNcaOAG5HYrCGIQ&oe=6633FD75&_nc_sid=8b3546', 'BEEN WORKING ON THIS SINCE 2017 ‼️ THE BEST THING WE EVER CREATED 🥹  JUNE 🔥 DOCUMENTED LIFE-STORY
 “FOR KHADIJA”
Excutive produced by my brother @champagnepapi Link in bio'),
('C3tJDcDuUtF', 14634719,'2024-02-23 21:38:17', 'https://instagram.frba3-2.fna.fbcdn.net/v/t51.29350-15/429637975_3491751281135214_6060181641432397939_n.jpg?stp=dst-jpg_e15&_nc_ht=instagram.frba3-2.fna.fbcdn.net&_nc_cat=106&_nc_ohc=sT38roUR49IQ7kNvgEBGRgl&edm=AOQ1c0wBAAAA&ccb=7-5&oh=00_AfDsRTPGTKJN8INlOKYp6vyjJ84OkXC3bB8ct7IDzz0KyQ&oe=6633E92B&_nc_sid=8b3546', 'THANK U TO FOR ALL THE LOVE ! AND I APPRECIATE EVERYBODY THAT PLAYED A PART ! #Freemaxb #foreverchinx
MAC N CHEESE 5 OUT NOW'),
('C5rk3jWO5Ye', 14634719,'2024-04-13 00:04:26', 'https://instagram.frba2-2.fna.fbcdn.net/v/t51.29350-15/438494690_410067605115092_5652141811194493636_n.jpg?stp=dst-jpg_e15&_nc_ht=instagram.frba2-2.fna.fbcdn.net&_nc_cat=108&_nc_ohc=2rbFpsJhaX4Q7kNvgETOEcZ&edm=AOQ1c0wBAAAA&ccb=7-5&oh=00_AfA7DV6UVfUPllDtzfHnwZ0Y5AqW62knWim08DGcqfI9kA&oe=6633ECF2&_nc_sid=8b3546', 'JUST THREW THAT FIRST PITCH ! Tell the @mets send that contract ! Steve let’s negotiate 🌊🏄🏽‍♂️'),
('C5q7Lq4OVby', 14634719,'2024-04-12 18:00:11', 'https://instagram.frba3-1.fna.fbcdn.net/v/t39.30808-6/435690774_18445686826042720_1512290557138216322_n.jpg?stp=dst-jpg_e35_p1080x1080_sh0.08&_nc_ht=instagram.frba3-1.fna.fbcdn.net&_nc_cat=104&_nc_ohc=vLFCy8vp2mIQ7kNvgFc4puv&edm=AOQ1c0wAAAAA&ccb=7-5&ig_cache_key=MzM0NDc0NTk1OTk3NDg1MjMzOA%3D%3D.2-ccb7-5&oh=00_AfApIpMQh-D2J8UJtqhyMsIjkCKh0EPjTVm0R56uFFqEXQ&oe=6637D777&_nc_sid=8b3546', 'Poland! For the first time I will be headlining @sunfestivalpl on July 26th. get your tickets before it’s too late.🌊🏄🏽‍♂️'),
('C5GS5nXCyWC', 528977978,'2024-03-29 12:37:11', 'https://instagram.frba3-1.fna.fbcdn.net/v/t51.29350-15/434681020_7595884837121104_5894685813844900233_n.jpg?stp=dst-jpg_e15&_nc_ht=instagram.frba3-1.fna.fbcdn.net&_nc_cat=104&_nc_ohc=88l36cKQXKgQ7kNvgHnbilY&edm=AOQ1c0wBAAAA&ccb=7-5&oh=00_AfDIKvXkDe1CwQ4QJiCFanO2k8nI5Q9GThkJE-8I6DQV3w&oe=6633EA06&_nc_sid=8b3546', 'Exploring skincare taught me the significance of inner nourishment. NuEssentials by Zeroharm, with its nano-tech face mask, goes beyond surface application. It melts like magic and penetrates deep into the skin imparting a transformative inner glow.
This aligns with my tech-driven approach to genuine skin health. NuEssentials isn’t a mere product, it’s a skincare breakthrough, providing authentic results. Their innovative commitment marks a refreshing evolution in beauty care, captivating me deeply.
#NorafatehiXNuEssentials #NoraLovesNuEssentials #NuEssentials #NuEssentialsByZeroHarm #ZeroHarmNuEssentials #Indias1stMeltingNanoCollagenMask #CollagenMask #NanoCollagenMask #MeltingCollagenMask #ad'),
('C6Ti4yCIrTE', 528977978,'2024-04-28 12:37:25', 'https://instagram.frba3-2.fna.fbcdn.net/v/t51.29350-15/440114383_843141751168879_5247386169059120834_n.jpg?stp=dst-jpg_e15&_nc_ht=instagram.frba3-2.fna.fbcdn.net&_nc_cat=1&_nc_ohc=dWh3XVJR_AkQ7kNvgFo96zz&edm=AOQ1c0wBAAAA&ccb=7-5&oh=00_AfALLUHXmgA3bwPLlMrFIxMYPc__4JbeGvoZlpJ6qH_a7Q&oe=66340776&_nc_sid=8b3546', 'Now that’s what we call a Crakk-ling Chemistry 😍

Crakk - Jeetegaa Toh Jiyegaa! is now streaming.

#CrakkOnHotstar

@mevidyutjammwal @norafatehi @rampal72 @iamamyjackson @aditya_datt @ankittmohan @its_jamielever @bijayanand @rajendra_shisatkar #ShalakasPawar @abbassayyed77 @actionherofilms @Tseries.official'),
('C6TbkNhCDEF', 528977978,'2024-04-28 11:32:46', 'https://instagram.frba3-2.fna.fbcdn.net/v/t51.29350-15/440683486_1220720705566075_7471760936743409107_n.jpg?stp=dst-jpg_e35_p1080x1080&_nc_ht=instagram.frba3-2.fna.fbcdn.net&_nc_cat=1&_nc_ohc=Qo4Lz7yQSOcQ7kNvgE7UiCX&edm=AOQ1c0wBAAAA&ccb=7-5&ig_cache_key=MzM1NjE0NzM4Mjk5MDk0MjQ2OQ%3D%3D.2-ccb7-5&oh=00_AfAbecqWy0b25jt6mKxP0oUI9zDTHyVTdk58nsknWaZIuQ&oe=6637E53E&_nc_sid=8b3546', '🎁🔥

@globalspaindia
@taras84 
@reshmaamerchant 
@hairstylist_madhav2.0 
@aasthasharma'),
('C6QsRM-CmZQ', 528977978,'2024-04-27 10:01:00', 'https://instagram.frba3-2.fna.fbcdn.net/v/t51.29350-15/440167098_910938077450163_7453079983632527099_n.jpg?stp=dst-jpg_e35_p1080x1080&_nc_ht=instagram.frba3-2.fna.fbcdn.net&_nc_cat=1&_nc_ohc=7sOaAzfLpmQQ7kNvgE2GGEZ&edm=AOQ1c0wBAAAA&ccb=7-5&ig_cache_key=MzM1NTM3NjQwNTQ5MTQ4MDAxMQ%3D%3D.2-ccb7-5&oh=00_AfD2PD9mU0prWcPETpYjL8FYeYwJ-h-AXImpvDv6zDHl6w&oe=6637DFA6&_nc_sid=8b3546', 'No training season..🩷🩷'),
('C6OluVjiMc1', 528977978,'2024-04-26 14:25:20', 'https://instagram.frba3-2.fna.fbcdn.net/v/t51.29350-15/440233619_895374609253890_5752329102146191098_n.jpg?stp=dst-jpg_e35_p1080x1080&_nc_ht=instagram.frba3-2.fna.fbcdn.net&_nc_cat=1&_nc_ohc=FWW7YSIu5tUQ7kNvgE2IcGc&edm=AOQ1c0wBAAAA&ccb=7-5&ig_cache_key=MzM1NDc4NDY4NDM5OTE4MzY2OQ%3D%3D.2-ccb7-5&oh=00_AfBfdQGK-mxdOpFuql8JGf0v1MCupX9_rX-yniPqVXkxqg&oe=6638076F&_nc_sid=8b3546', 'Pink friday 🩷🩷

@globalspaindia
@taras84 
@reshmaamerchant 
@hairstylist_madhav2.0 
@aasthasharma
@davidkomalondon
@zevarking'),
('C6WLAzKsXgE', 244309106,'2024-04-29 13:05:51', 'https://instagram.frba3-2.fna.fbcdn.net/v/t51.29350-15/440766510_7383648341725863_8166517292482858707_n.jpg?stp=dst-jpg_e35_p1080x1080&_nc_ht=instagram.frba3-2.fna.fbcdn.net&_nc_cat=1&_nc_ohc=xwlGBCu1PT8Q7kNvgEhe8VD&edm=AOQ1c0wBAAAA&ccb=7-5&ig_cache_key=MzM1NjkxOTAwNTcwMzE0MTM4MA%3D%3D.2-ccb7-5&oh=00_AfBvR_5Bx1ckl45oQRKozGiZFcVs8krMkdEJbmeZt19YWg&oe=6637FC05&_nc_sid=8b3546', 'Chelsea legend.'),
('C6V1nPKMKhU', 244309106,'2024-04-29 10:00:06', 'https://instagram.frba3-2.fna.fbcdn.net/v/t51.29350-15/440745715_423662500307703_5417459674351072164_n.jpg?stp=dst-jpg_e15&_nc_ht=instagram.frba3-2.fna.fbcdn.net&_nc_cat=1&_nc_ohc=2-9V8ekAnP4Q7kNvgEZFgBs&edm=AOQ1c0wBAAAA&ccb=7-5&oh=00_AfB2ueruVUaKG1dNltBNAYhi6ypXCgxtjuN-gwPPF8vjFA&oe=6633FC1A&_nc_sid=8b3546', 'Four years, countless memories. 

A message from Thiago Silva…'),
('C6ZaFxDtp5J', 244309106,'2024-04-30 19:15:19', 'https://instagram.frba3-2.fna.fbcdn.net/v/t51.29350-15/440968095_820108906635587_6124181096250770333_n.jpg?stp=dst-jpg_e35_p1080x1080&_nc_ht=instagram.frba3-2.fna.fbcdn.net&_nc_cat=1&_nc_ohc=1s_DdJB4a8oQ7kNvgFCm7OB&edm=AOQ1c0wBAAAA&ccb=7-5&ig_cache_key=MzM1NzgyOTczMzEyNTg1NjEzMw%3D%3D.2-ccb7-5&oh=00_AfDXDGcqtIlARrWddL_5muyDXsfiBVBF-MNNLvGtzL7Ldw&oe=6637DA03&_nc_sid=8b3546', 'Another inspiring day with our community. 🫶'),
('C6YyDghiJPO', 54725478,'2024-04-30 13:25:29', 'https://instagram.frba3-2.fna.fbcdn.net/v/t51.29350-15/441058442_2086870991712448_1640878446792223425_n.jpg?stp=dst-jpg_e35_s1080x1080&_nc_ht=instagram.frba3-2.fna.fbcdn.net&_nc_cat=1&_nc_ohc=P4j_nnqSP6QQ7kNvgGuw631&edm=AOQ1c0wBAAAA&ccb=7-5&ig_cache_key=MzM1NzY1MzY1MTkyOTQxMjkwOQ%3D%3D.2-ccb7-5&oh=00_AfCB5XCS4TuQaAydPU1iJoQCF7ahjR9zCKUYVKzMrLDiAg&oe=6637DEAF&_nc_sid=8b3546', 'Expect the unexpected .. 🤌🏼'),
('C6TPM1uLd49', 54725478,'2024-04-28 09:45:20', 'https://instagram.frba2-1.fna.fbcdn.net/v/t51.29350-15/440869334_1167132970978747_3161702252123616364_n.jpg?stp=dst-jpg_e35_p1080x1080_sh0.08&_nc_ht=instagram.frba2-1.fna.fbcdn.net&_nc_cat=107&_nc_ohc=mIrUROk18m8Q7kNvgGi5XgD&edm=AOQ1c0wBAAAA&ccb=7-5&oh=00_AfDGOVf8QLbVoSE2ofxYet5Bjom4iyz5eGMXOYxYA_D_nA&oe=6633FDC1&_nc_sid=8b3546', 'Ceza sahası dışının 𝐇𝐚𝐤𝐢𝐦''i, yine enfes bir gole imza attı! 🎩'),
('C6QtRMmiVS1', 54725478,'2024-04-27 10:09:45', 'https://instagram.frba2-1.fna.fbcdn.net/v/t51.29350-15/440184738_1130809338222005_1295709009105791049_n.jpg?stp=dst-jpg_e35_p1080x1080&_nc_ht=instagram.frba2-1.fna.fbcdn.net&_nc_cat=105&_nc_ohc=_luPhgr7YScQ7kNvgFzFIXh&edm=AOQ1c0wBAAAA&ccb=7-5&ig_cache_key=MzM1NTM4MDgwMTUwNzcxMjY5Ng%3D%3D.2-ccb7-5&oh=00_AfC3xHv9y2oEo3etZeYKD20oSFr65Egi1fNZiBb2xuBq_A&oe=6637E422&_nc_sid=8b3546', 'Couple finales left ✔️'),
('C6JVGQPiHPw', 54725478,'2024-04-24 13:23:51', 'https://instagram.frba2-1.fna.fbcdn.net/v/t51.29350-15/440179976_840392924573311_2494502931550288031_n.jpg?stp=dst-jpg_e35_s1080x1080&_nc_ht=instagram.frba2-1.fna.fbcdn.net&_nc_cat=107&_nc_ohc=9JU9dj4y88oQ7kNvgGI-fws&edm=AOQ1c0wBAAAA&ccb=7-5&ig_cache_key=MzM1MzMwNDE3MjY5MDE4NjE5Nw%3D%3D.2-ccb7-5&oh=00_AfBxtCYCi8wqbvycyrberA4KLmAX-rLrz0cJ2cnMMej-RA&oe=66380199&_nc_sid=8b3546', 'The mirror is never scary for me..🪞'),
('C6GxvoXCc0f', 54725478,'2024-04-23 13:36:27', 'https://instagram.frba3-2.fna.fbcdn.net/v/t51.29350-15/440160592_2255187018152085_2998761440135496265_n.jpg?stp=dst-jpg_e35_s1080x1080&_nc_ht=instagram.frba3-2.fna.fbcdn.net&_nc_cat=109&_nc_ohc=ExmkMYpKfesQ7kNvgFNQJOD&edm=AOQ1c0wBAAAA&ccb=7-5&ig_cache_key=MzM1MjU4NTczMTc1MDUyMjQwNw%3D%3D.2-ccb7-5&oh=00_AfA_tCemweLh-6kKvyp-44vjd7yCoSEmittt06VI3NJOmA&oe=66380910&_nc_sid=8b3546', 'None'),
('C6D9pblCPRY', 54725478,'2024-04-22 11:22:44', 'https://instagram.frba3-1.fna.fbcdn.net/v/t51.29350-15/440190266_1105092340766884_3310976615105963749_n.jpg?stp=dst-jpg_e35_s1080x1080&_nc_ht=instagram.frba3-1.fna.fbcdn.net&_nc_cat=104&_nc_ohc=ndA-Zzbu9QwQ7kNvgHzjUjx&edm=AOQ1c0wBAAAA&ccb=7-5&ig_cache_key=MzM1MTc5MzY1ODIzNTQ2MjAzMw%3D%3D.2-ccb7-5&oh=00_AfBuD7NwgAXxRat7-MrkksGa2UsmyMecONB8z7EVliVYbg&oe=6637EB51&_nc_sid=8b3546', 'One step closer 🤌🏼'),
('C6axrK6Cmu2', 350879351,'2024-05-01 08:00:39', 'https://instagram.frba3-2.fna.fbcdn.net/v/t51.29350-15/440234476_666387278946930_8750197630413996292_n.jpg?stp=dst-jpg_e35_p1080x1080&_nc_ht=instagram.frba3-2.fna.fbcdn.net&_nc_cat=1&_nc_ohc=96xUdt5d7ukQ7kNvgE8TqHK&edm=AOQ1c0wBAAAA&ccb=7-5&ig_cache_key=MzM1ODIxNDkzMDE1MDQ5OTY4Ng%3D%3D.2-ccb7-5&oh=00_AfDr3dLesabH-Jjb6fr1OYQX8KOag8bDkOzAMsUGGyjtjA&oe=66380D63&_nc_sid=8b3546', 'ELLE 25 YAŞINDA! İşte ilk kapağımız!
«DÜŞ KURMA CESARETİ» - Düşküresindeki tüm düşleri gerçekleştirene kadar hiç ayak basılmamış topraklara, girilmemiş virajlara, çıkılmamış tepelere doğru emin adımlarla yürüyeceğine inandığımız yetenekli oyuncu #AfraSaraçoğlu, #Gucci’nin #SabatoDeSarno imzalı ilk koleksiyonuyla genç ve feminen enerjisini ELLE Türkiye’nin 25. yaş kutlama sayısına taşıyor.

ELLE Mayıs 25.yıl özel koleksiyon sayısını bayiilerden ve dergiburda.com’dan alabilir, trendyol, getir, n11 ve hepsiburada’dan sipariş verebilirsiniz.

@afrasaracoglu #afrasaraçoğlu
@elleturkiye X @gucci
#ELLE #ELLE25 #ELLE25Yaşında #ELLEMayıs #ELLEMayısSayısı @elleturkiye @elleinternational

Röportaj & Yayın Direktörü: @meldanar13 
Fotoğraflar: @kasanharaarslan
Moda Direktörü: @asilasli
Saç: @feritbelli / @no21istanbul
Makyaj: @alirizaozdemir
Set Tasarım&Dekor: @comertcan
Prodüktör: @w_leyla
Retouch: @ashkanramezani_t
Fotoğraf Asistanları: @acihanberk @cagdasezginn 
Moda Direktörü Asistanı: @damlareisoglu
Moda Ekibi Asistanı: @dilagorugen
Makyaj Asistanı: @yigitizgii
Set Tasarım&Dekor Asistanı: @sltnayseyll

Tüm Look: @gucci'),
('C5qYuUEsz0z', 350879351,'2024-04-12 12:59:05', 'https://instagram.frba3-2.fna.fbcdn.net/v/t51.29350-15/436799349_4079428912284179_508810194540047362_n.jpg?stp=dst-jpg_e35_p1080x1080&_nc_ht=instagram.frba3-2.fna.fbcdn.net&_nc_cat=1&_nc_ohc=wAsKAqt4mVoQ7kNvgG9ziqU&edm=AOQ1c0wBAAAA&ccb=7-5&ig_cache_key=MzM0NDU5NDQwMDg0NjEwNTUxNA%3D%3D.2-ccb7-5&oh=00_AfD2SkCMimE-ZaPUtAk9ZbHSMvUJke_7UTb7r7p5XXP9wg&oe=6637D72C&_nc_sid=8b3546', '💙🌙'),
('C6UWX78IPUT', 796014803,'2024-04-28 20:10:29', 'https://instagram.frba2-1.fna.fbcdn.net/v/t51.29350-15/440113876_939513371242799_5376543841538502577_n.jpg?stp=dst-jpg_e35_s1080x1080_sh0.08&_nc_ht=instagram.frba2-1.fna.fbcdn.net&_nc_cat=111&_nc_ohc=Ou3IpqN3184Q7kNvgHkN0xh&edm=AOQ1c0wBAAAA&ccb=7-5&oh=00_AfCS3A36Is4DE9kUV9v-KN_Nzl1G965960MPnRUtXGigcg&oe=66340C62&_nc_sid=8b3546', 'صاحبة السعادة ❤️❤️'),
('C6RPuauIaU4', 796014803,'2024-04-27 15:10:50', 'https://instagram.frba3-2.fna.fbcdn.net/v/t51.29350-15/440120382_413792108259725_8010956475820599071_n.jpg?stp=dst-jpg_e35_s1080x1080&_nc_ht=instagram.frba3-2.fna.fbcdn.net&_nc_cat=1&_nc_ohc=IFEEWKnK5DkQ7kNvgFAuhVm&edm=AOQ1c0wBAAAA&ccb=7-5&ig_cache_key=MzM1NTUzMjM1Nzg1MjU3MDkzNg%3D%3D.2-ccb7-5&oh=00_AfBYxAZTrcgOW_81BhSkrwvKgkHDVrdMnsgw2t2gqBw3fw&oe=6637EF42&_nc_sid=8b3546', 'احلي من البصل مفيش 😂'),
('C6RIrgdoCv8', 796014803,'2024-04-27 14:09:16', 'https://instagram.frba3-1.fna.fbcdn.net/v/t51.29350-15/440148999_804866014849812_6930977855459511056_n.jpg?stp=dst-jpg_e35_s1080x1080&_nc_ht=instagram.frba3-1.fna.fbcdn.net&_nc_cat=100&_nc_ohc=mi7OoaGXMA4Q7kNvgFs3q_Z&edm=AOQ1c0wBAAAA&ccb=7-5&ig_cache_key=MzM1NTUwMTM1ODc2NjcyMDM3Nw%3D%3D.2-ccb7-5&oh=00_AfBkQ8J3QOt86cHUEJuaQR6fnS_854rBt_YGOy3kadWlHw&oe=6637FB63&_nc_sid=8b3546', 'صاحبة السعادة 🔥🔥🔥🔥🔥'),
('C58V-AQIYRd', 796014803,'2024-04-19 12:21:20', 'https://instagram.frba3-2.fna.fbcdn.net/v/t51.29350-15/437905350_1635671967248658_4873068581823008390_n.jpg?stp=dst-jpg_e35_p1080x1080&_nc_ht=instagram.frba3-2.fna.fbcdn.net&_nc_cat=106&_nc_ohc=l9oYGB3OXqoQ7kNvgHu7jeW&edm=AOQ1c0wBAAAA&ccb=7-5&ig_cache_key=MzM0OTY0ODg0MjcxMTcyOTI0NQ%3D%3D.2-ccb7-5&oh=00_AfAU76n5w5fIgrayVabS59SIE_-gDmS2Z49TLz2NDcpbaw&oe=6637DAF4&_nc_sid=8b3546', 'البقاء لله'),
('C53EIBEIejj', 796014803,'2024-04-17 11:09:13', 'https://instagram.frba2-1.fna.fbcdn.net/v/t51.29350-15/437309668_3667181260237403_909219406865059773_n.jpg?stp=dst-jpg_e35_p1080x1080&_nc_ht=instagram.frba2-1.fna.fbcdn.net&_nc_cat=111&_nc_ohc=_04O8YX1N3kQ7kNvgH3YEIc&edm=AOQ1c0wBAAAA&ccb=7-5&ig_cache_key=MzM0ODE2Mjk5MTA1ODE4NDQxOQ%3D%3D.2-ccb7-5&oh=00_AfCaP0yNNJmdRWv47PbdwP0b-bF1i_gdPKkw1A1bKqpEug&oe=6638030E&_nc_sid=8b3546', '❤️❤️'),
('C5l-qG_gG5b', 796014803,'2024-04-10 19:58:07', 'https://instagram.frba3-2.fna.fbcdn.net/v/t51.29350-15/437503514_407179751927562_4215966988480801697_n.jpg?stp=dst-jpg_e15&_nc_ht=instagram.frba3-2.fna.fbcdn.net&_nc_cat=106&_nc_ohc=B9qSZJho2HMQ7kNvgH41Lj_&edm=AOQ1c0wBAAAA&ccb=7-5&oh=00_AfB7QuDpt-Wo_haMl1aMUSxF2iv5VhwhDALAGKPycU6f0g&oe=6633EFCD&_nc_sid=8b3546', 'كل سنة وانتوا طيبين عيد سعيد ❤️'),
('CZCm5fcIKob', 357315233,'2022-01-22 17:29:17', 'https://instagram.frba3-1.fna.fbcdn.net/v/t51.29350-15/272285052_277684447784005_7208111716429803166_n.jpg?stp=dst-jpg_e35&_nc_ht=instagram.frba3-1.fna.fbcdn.net&_nc_cat=101&_nc_ohc=c66WSp52BvYQ7kNvgFa8SgW&edm=AOQ1c0wBAAAA&ccb=7-5&oh=00_AfDuFkDcntfXe-Kc_1XWLSIQi4yLVthoJ9ccpHiQguvbaQ&oe=6634015D&_nc_sid=8b3546', 'Wanted to post this one🥺❤️'),
('CmbtfReSAzu', 7495306835,'2022-12-21 14:15:26', 'https://instagram.frba3-1.fna.fbcdn.net/v/t51.29350-15/321112120_1361169471360004_232611589404672365_n.jpg?stp=dst-jpg_e35_s1080x1080&_nc_ht=instagram.frba3-1.fna.fbcdn.net&_nc_cat=104&_nc_ohc=vKAXro-ekrwQ7kNvgHB0wC_&edm=AOQ1c0wBAAAA&ccb=7-5&ig_cache_key=Mjk5ODE5MDAzMjQxNjIwNjYyNg%3D%3D.2-ccb7-5&oh=00_AfDH0nQS7kaUP4PlZ48UJp-qyQG4tGhS0WH__NUWssdVRw&oe=6637FEAA&_nc_sid=8b3546', 'ورح نختم سنة 2022 بحصولي على الجائزة الذهبية لافضل صانعة محتوى عائلي للسنة 😍 كتير فخورة بهشي ويلي انتو جزء منو ❤️ بحبكم'),
('C6Lw1Yyyyv-', 7495306835,'2024-04-25 12:04:42', 'https://instagram.frba3-1.fna.fbcdn.net/v/t51.29350-15/440588025_415691417874516_1192147877365842622_n.jpg?stp=dst-jpg_e35_p1080x1080&_nc_ht=instagram.frba3-1.fna.fbcdn.net&_nc_cat=100&_nc_ohc=hH5xpAmcmwQQ7kNvgGeh0Q-&edm=AOQ1c0wBAAAA&ccb=7-5&ig_cache_key=MzM1Mzk4OTExNzE5MjU0MDg4Mg%3D%3D.2-ccb7-5&oh=00_AfD3n1EI48vdhXx9ExkLP_ER_kdvwINUxJ1FUxqKily2vg&oe=663808D9&_nc_sid=8b3546', 'About last night ✨'),
('C6GnJBISKdI', 7495306835,'2024-04-23 12:04:44', 'https://instagram.frba3-2.fna.fbcdn.net/v/t51.29350-15/440474247_291929100672522_4632713100328052995_n.jpg?stp=dst-jpg_e35_p1080x1080_sh0.08&_nc_ht=instagram.frba3-2.fna.fbcdn.net&_nc_cat=1&_nc_ohc=RaOvihBzkQ0Q7kNvgEO7hMu&edm=AOQ1c0wBAAAA&ccb=7-5&oh=00_AfAEQnTUc0HayKhvDCiZPc35s4tD4t_eZEOqSnGTUUoeDQ&oe=6633EDFF&_nc_sid=8b3546', 'None'),
('C6CACVgSkhe', 7495306835,'2024-04-21 17:05:08', 'https://instagram.frba2-2.fna.fbcdn.net/v/t51.29350-15/440091062_371980935325383_4046457050142498937_n.jpg?stp=dst-jpg_e35_p1080x1080&_nc_ht=instagram.frba2-2.fna.fbcdn.net&_nc_cat=103&_nc_ohc=5zinTZNUA_0Q7kNvgEFqN7T&edm=AOQ1c0wBAAAA&ccb=7-5&ig_cache_key=MzM1MTI0MTIyNTczMDA4NzU2NQ%3D%3D.2-ccb7-5&oh=00_AfBUHq2ddYjOTxwaTbWChFy0R-873BtX4KDGxj1fva5Yeg&oe=6637F348&_nc_sid=8b3546', 'اسمي "جوي" وأنا فرد جديد من أفراد عائلة عفراء ، عمري ٣ شهور ، لسى مو شاطرة بالتصوير صراحة بس شاطرة بالاكل والنوم واني اسرق والعب بكل العاب كنان 🐶'),
('C6WT_AhobbZ', 1692051811,'2024-04-29 14:29:48', 'https://instagram.frba3-2.fna.fbcdn.net/v/t51.29350-15/440631421_394582753449633_2079371692708738344_n.jpg?stp=dst-jpg_e15&_nc_ht=instagram.frba3-2.fna.fbcdn.net&_nc_cat=109&_nc_ohc=ABhc8dpGrEUQ7kNvgHHaza_&edm=AOQ1c0wBAAAA&ccb=7-5&oh=00_AfB2qvR1QAMdLIXibbRLGyF9CnGqHuX0R3jbyEPELg4Q_A&oe=66340C47&_nc_sid=8b3546', 'Cool as you like from Yassine Bounou! 🤩

يبدو أن بونو يطمح إلى تغيير مركزه 😁');



-- =========================================================================================================
-- =========================================================================================================
-- =========================================================================================================
-- =========================================================================================================



INSERT INTO USER VALUES
(1097161420, 'dunia_batma', 'dunia.batma@uit.ac.ma', 'wg1nWR', '🇲🇦👑الفنانة المغربية دنيا بطمة👑🇲🇦 
إدارة أعمالي 👇🏻
00212604240498
👻snap : duniabatma
TikTok: duniabatma_official
#kharboucha👇🏻🧨' ,'Rabat' ,'https://instagram.frba3-2.fna.fbcdn.net/v/t51.2885-19/379049944_264810639839998_2008357070905414954_n.jpg?_nc_ht=instagram.frba3-2.fna.fbcdn.net&_nc_cat=1&_nc_ohc=a8BpOgHtnsUQ7kNvgGIduFQ&edm=AEF8tYYBAAAA&ccb=7-5&oh=00_AfBFlNK1rjWQEpTmTEWdMK7bep8qIB2QxRYhab37kmDfcQ&oe=6637EA88&_nc_sid=1e20d2' ),
(1582907522, 'meryemasouab', 'meryemasouab@hotmail.com', 'IP0EPaFI', '𝗠𝗮𝗿𝗿𝗶𝗲𝗱 💍
📍 𝐌𝐨𝐧𝐭𝐫é𝐚𝐥 ,𝐂𝐚𝐬𝐚𝐛𝐥𝐚𝐧𝐜𝐚 🇲🇦🇨🇦
𝐅𝐨𝐫 𝐁𝐮𝐬𝐢𝐧𝐞𝐬𝐬 𝐈𝐧𝐪𝐮𝐢𝐞𝐫𝐢𝐞𝐬 & 𝐏𝐮𝐛𝐥𝐢𝐜𝐢𝐭𝐢𝐞𝐬 👇🏼
📩𝐦𝐞𝐫𝐢𝐞𝐦𝐚𝐬𝐨𝐮𝐚𝐛𝟎𝟗@𝐠𝐦𝐚𝐢𝐥.𝐜𝐨𝐦
👻 𝐦𝐞𝐫𝐲𝐞𝐦_𝐚𝐬𝐨𝐮𝐚𝐛' ,'Rabat' ,'https://instagram.frba3-2.fna.fbcdn.net/v/t51.2885-19/383172395_873834804355402_5524643321744051556_n.jpg?_nc_ht=instagram.frba3-2.fna.fbcdn.net&_nc_cat=110&_nc_ohc=NcMc0z0gQBQQ7kNvgFoOxeI&edm=AEF8tYYBAAAA&ccb=7-5&oh=00_AfAiIx0nplzlNLkzRcxVpJAHw8GCmu8gav-JiaWQ06YfZA&oe=6637DB1E&_nc_sid=1e20d2' ),
(734278111, 'ezzoubairhilal', 'ezzoubairhilal@gmail.com', 'on40NS', '• Moroccan comedian | actor 
Official account of ezzoubair hilal
✨راني ماشي مؤثر ✨
• Founder Of : @dopanda.ma 
📩 : ezzoubairhilal.pro@gmail.com' ,'Casablanca' ,'https://instagram.frba3-2.fna.fbcdn.net/v/t51.2885-19/34982531_1765409630209343_1025505230982217728_n.jpg?_nc_ht=instagram.frba3-2.fna.fbcdn.net&_nc_cat=1&_nc_ohc=WOuZKqpLTC4Q7kNvgGFtn07&edm=AEF8tYYBAAAA&ccb=7-5&oh=00_AfDxdDWW-8elG4Dxeb70jw-utvnRwWrmrJFpaBuHK50iAw&oe=6637E55D&_nc_sid=1e20d2' ),
(737987822, 'rifka.bjm', 'rifka.bjm@yahoo.com', 'v9olT0Q', 'استغفر الله الذي لا اله الا هو الحي القيوم و اتوب اليه ♥️' ,'Rabat' ,'https://instagram.frba3-2.fna.fbcdn.net/v/t51.2885-19/431745297_1069032561018524_1893842055265822636_n.jpg?_nc_ht=instagram.frba3-2.fna.fbcdn.net&_nc_cat=1&_nc_ohc=fH4K_PQNMiEQ7kNvgFZ-Tw2&edm=AEF8tYYBAAAA&ccb=7-5&oh=00_AfDIeA2KJMtqYV3x4D-TqUXCipWtzLK4ZMAntF46SzinxA&oe=6637F23D&_nc_sid=1e20d2' ),
(241466858, 'asmalmnawar', 'asmalmnawar@gmail.com', 'gRpmhHI1', 'ARTIST SINGER 🇲🇦
MANAGER/PRODUCER @yacinelmnawar +971563491412
#هذا_حالي_من_بعدك' ,'Rabat' ,'https://instagram.frba3-2.fna.fbcdn.net/v/t51.2885-19/348467450_1688422208289323_2580847556506207318_n.jpg?_nc_ht=instagram.frba3-2.fna.fbcdn.net&_nc_cat=1&_nc_ohc=80WtVd3a1I4Q7kNvgHIfk86&edm=AEF8tYYBAAAA&ccb=7-5&oh=00_AfDnEW0m0ldfeqCQ4Bkm-dxagUj51VWNfYovuJavz2a4Jg&oe=66380BA3&_nc_sid=1e20d2' ),
(1547634846, 'zouhairbahaoui', 'zouhairbahaoui@hotmail.com', 'RIgJ68a7', 'Management & Booking :
📞 Reda El Bradi 00 212 6 61 66 48 75
📤 Contact@omyprod.ma
TikTok : zouhairbahaouiofficiel1
👇 New Music Vidéo 👇' ,'Casablanca' ,'https://instagram.frba3-2.fna.fbcdn.net/v/t51.2885-19/421993099_735221635257401_4744788870789314037_n.jpg?_nc_ht=instagram.frba3-2.fna.fbcdn.net&_nc_cat=1&_nc_ohc=5t6hMi6gHtIQ7kNvgGxS4yX&edm=AEF8tYYBAAAA&ccb=7-5&oh=00_AfC8QqXxQzg9ezXrABDtZqHt9oFlEsibNTE5JgOnWdwRsQ&oe=6637EAEA&_nc_sid=1e20d2' ),
(628942645, 'el_moraddd', 'el.moraddd@gmail.com', 'tPedgW', 'M.D.L.R. Ni madero ni chivato 
management: 
ferran@polarnights.net' ,'Casablanca' ,'https://instagram.frba3-2.fna.fbcdn.net/v/t51.2885-19/94459589_265799894448600_1436952532319469568_n.jpg?_nc_ht=instagram.frba3-2.fna.fbcdn.net&_nc_cat=1&_nc_ohc=h9RUYyVIIUgQ7kNvgGXn3O_&edm=AEF8tYYBAAAA&ccb=7-5&oh=00_AfDHOT0g6vA0MLT7VwzIdDLuSx0GkdokVDdy90emte3oIg&oe=6637F30F&_nc_sid=1e20d2' ),
(634912408, 'salmarachid.official', 'salmarachid.official@yahoo.com', 'KDs0RJD', 'Moroccan Singer
Business Management:
+212 66149 9294 🇲🇦
Album :' ,'Rabat' ,'https://instagram.frba3-2.fna.fbcdn.net/v/t51.2885-19/440954305_454983413729544_2363579416587299781_n.jpg?_nc_ht=instagram.frba3-2.fna.fbcdn.net&_nc_cat=1&_nc_ohc=HjBzbLP-NtYQ7kNvgH3sohy&edm=AEF8tYYBAAAA&ccb=7-5&oh=00_AfB-iZFLFO69PmFWzsw_UtN8JnIBF_aYr-DkvMk6BF4kpQ&oe=6637EFA1&_nc_sid=1e20d2' ),
(3209477045, 'sofyanamrabat', 'sofyanamrabat@yahoo.com', 'oToCB', 'Professional Footballer for Manchester United 🏴󠁧󠁢󠁥󠁮󠁧󠁿 & Morocco 🇲🇦 
Enquiries: info@sofyanamrabatofficial.com' ,'Rabat' ,'https://instagram.frba2-2.fna.fbcdn.net/v/t51.2885-19/318181540_875029776853023_7789520653450636485_n.jpg?_nc_ht=instagram.frba2-2.fna.fbcdn.net&_nc_cat=103&_nc_ohc=iLWU0pEBsi4Q7kNvgEmRZ9N&edm=AEF8tYYBAAAA&ccb=7-5&oh=00_AfBQQkm7M6f9d4BZeUxb0w2hNel68WtyHdcQdwsqcFEZUQ&oe=6637F693&_nc_sid=1e20d2' ),
(1624141808, 'raghda.k', 'raghda.k@uit.ac.ma', 'n31Xg', '📍DUBAI-JORDAN
Social Queen Content Creator2022🏆
YT: LIFE WITH RAGHDA 
TIKTOK: RAGHDA.K
SC:RAGHDAA.K
Ambassador @samsunglevant' ,'Rabat' ,'https://instagram.frba3-2.fna.fbcdn.net/v/t51.2885-19/419830499_389867490196972_4312306220455665945_n.jpg?_nc_ht=instagram.frba3-2.fna.fbcdn.net&_nc_cat=1&_nc_ohc=zWwrikeZRW0Q7kNvgEDT4Fl&edm=AEF8tYYBAAAA&ccb=7-5&oh=00_AfCMax0mEjZvFuAcNUAZhEiKXlotX5BZOVkQ4GYKkOdMmQ&oe=66380CC5&_nc_sid=1e20d2' );


INSERT INTO FOLLOWERS VALUES
(1097161420, 1582907522, '2024-03-20 06:16:08'),
(1097161420, 734278111, '2024-08-05 06:28:21'),
(1097161420, 634912408, '2024-09-10 12:50:41'),
(1097161420, 3209477045, '2024-07-13 00:19:48'),
(1582907522, 634912408, '2024-03-03 03:00:11'),
(1582907522, 1547634846, '2024-10-17 04:38:27'),
(1582907522, 241466858, '2024-07-17 20:30:17'),
(1582907522, 1624141808, '2024-09-09 01:41:32'),
(1582907522, 3209477045, '2024-11-10 18:55:36'),
(734278111, 1582907522, '2024-05-10 05:50:10'),
(734278111, 1097161420, '2024-10-22 05:32:38'),
(734278111, 1547634846, '2024-12-25 17:05:20'),
(734278111, 3209477045, '2024-03-15 05:54:40'),
(734278111, 1624141808, '2024-09-07 07:13:47'),
(734278111, 628942645, '2024-12-06 20:53:24'),
(737987822, 3209477045, '2024-06-16 03:55:29'),
(737987822, 1582907522, '2024-09-03 07:45:33'),
(737987822, 241466858, '2024-09-22 01:22:27'),
(241466858, 1624141808, '2024-06-24 18:07:22'),
(1547634846, 241466858, '2024-06-14 21:37:40'),
(1547634846, 1097161420, '2024-10-05 06:03:32'),
(1547634846, 634912408, '2024-11-16 10:17:16'),
(1547634846, 3209477045, '2024-08-03 06:42:28'),
(1547634846, 1624141808, '2024-04-14 18:17:30'),
(1547634846, 737987822, '2024-08-13 08:42:13'),
(1547634846, 1582907522, '2024-04-01 05:53:46'),
(1547634846, 628942645, '2024-05-08 21:15:18'),
(1547634846, 734278111, '2024-02-27 14:27:25'),
(628942645, 1582907522, '2024-08-17 17:34:13'),
(628942645, 3209477045, '2024-02-11 03:24:34'),
(628942645, 241466858, '2024-10-15 21:19:32'),
(628942645, 634912408, '2024-07-07 20:13:31'),
(634912408, 1547634846, '2024-08-05 04:37:03'),
(3209477045, 628942645, '2024-10-21 00:57:34'),
(3209477045, 737987822, '2024-06-14 23:21:02'),
(3209477045, 1097161420, '2024-11-11 03:18:52'),
(3209477045, 1582907522, '2024-12-22 05:23:47'),
(3209477045, 1547634846, '2024-01-14 04:12:55'),
(3209477045, 634912408, '2024-09-15 13:52:38'),
(3209477045, 241466858, '2024-02-11 08:56:52'),
(3209477045, 734278111, '2024-10-16 22:16:06'),
(1624141808, 1547634846, '2024-05-04 12:26:58'),
(1624141808, 634912408, '2024-12-25 15:04:13'),
(1624141808, 241466858, '2024-11-01 05:52:15'),
(1624141808, 737987822, '2024-05-23 18:23:35'),
(1624141808, 628942645, '2024-08-16 18:39:44'),
(1624141808, 1582907522, '2024-05-24 23:45:29');


INSERT INTO POSTS VALUES
('C1yAr1ICROe', 1097161420,'2024-01-07 01:57:22', 'https://instagram.frba2-2.fna.fbcdn.net/v/t51.29350-15/417752182_1804245696667839_1116198547693372107_n.jpg?stp=dst-jpg_e35_s1080x1080&_nc_ht=instagram.frba2-2.fna.fbcdn.net&_nc_cat=103&_nc_ohc=TJfCd8XJZp0Q7kNvgGAScIz&edm=AOQ1c0wBAAAA&ccb=7-5&ig_cache_key=MzI3NDY4Mjg3ODYyNTgxMjkxNw%3D%3D.2-ccb7-5&oh=00_AfBnGify-wE3E0rFg8L011SzcavXFLzJvJ_YCtCfjtJg-A&oe=6637F53D&_nc_sid=8b3546', '١-حبل الكذب قصير …راه قلت لك كتكذبي الكذبه وتيقيها وتكذبيها على الناس حيت ماشي الكل عنده دراية بالقانون ،نمشي معك بخوشيبات ملي كتمشي ديري شكاية عندالشرطة اشكيديرو كيستامعو لك ؟ فاش وكيفاش ؟ كيديرو محضر استماع ، اوا  هذا لي نزلت شنو اسمو؟ سميتو محضر استماع للمسماة سعيدة شرف  وهذا دليل على كذبك انه شكاية كانت بالحساب فقط ،إذ يتبين لنا بمحضر الفرقة الوطنية انها تشير بأصابع الاتهام لدنيا بطمة شخصيا واختها ابتسام بطمة ،كفاك كذب وبهتان وطغيان وتحريض وخبث وتضليل الرأي العام اتضحت الصورة للشعب المغربي واخيرا تنازلك لا يهمني ولا يعنيني، (وملي مكينش شكاية علاياش باغا تنازلي😄).
٢- الحكم الصادر بالمحكمة الابتدائية ومحكمة الاستئناف قرر عدم مؤاخذتي واختي بككككل ما يتضمنه حساب حمزه مون بيبي  اي لسنا الا من قريب ولا من بعيد أصحاب  الحساب ولا نتوفر على القن السري (mot de passe ) وهواتفنا لا تتوفر على أي دليل دخول الحساب ولا ابتزاز ولا صور أناس ولا تشهير ولا تهديد وبهذا البراءة من الحساب والادانة بشهادة الزور وحسبي الله ونعم الوكيل 🙏🏻❤️
وأخيرا بعد هذه الازمه اكتسبت حبكم وتقديركم ودعمكم الذي لا يقدر بثمن احبكم ولاد وبنات بلادي ❤️‍🔥'),
('C1xjhTpCJSY', 1097161420,'2024-01-06 21:42:55', 'https://instagram.frba2-2.fna.fbcdn.net/v/t51.29350-15/416851698_376771531570407_800583093138609323_n.jpg?stp=dst-jpg_e35&_nc_ht=instagram.frba2-2.fna.fbcdn.net&_nc_cat=103&_nc_ohc=1fJAXf-f4AgQ7kNvgFwi0a7&edm=AOQ1c0wBAAAA&ccb=7-5&oh=00_AfAWe75BCh56ckhUznZ5fOMpijs4ot289AegcuFX2R-1Ig&oe=66341A8A&_nc_sid=8b3546', 'شكرا لكل المغاربة شكرا للصفحات المغربية على وقفتكم شكرا لكل الشعوب العربية شكرا للجالية المغربية على وقفتكم معايا شكرا للقضاء المغربي على تبرئتنا من حساب حمزه مون بيبي والله ياخذ الحق في اصحاب المؤامرة والفتنة والله ينصر سيدنا 😭😭🇲🇦🇲🇦🇲🇦 ##الله_الوطن_الملك #عاش_الملك #الله_ينصر_سيدنا'),
('C1z-pepitKK', 1097161420,'2024-01-07 20:22:15', 'https://instagram.frba2-1.fna.fbcdn.net/v/t51.29350-15/417947308_910534463952407_7337730755528815517_n.jpg?stp=dst-jpg_e15&_nc_ht=instagram.frba2-1.fna.fbcdn.net&_nc_cat=111&_nc_ohc=IgKY8ARE5jgQ7kNvgHDOt8d&edm=AOQ1c0wBAAAA&ccb=7-5&oh=00_AfBY2kbd0Vspe7sIHsmYlDL2gBthHPXH3XUK1-zpjcTguA&oe=66340352&_nc_sid=8b3546', 'شكرا أستاذ الشرع ، وهذا منطوق الحكم  الإستئنافي أننا لسنا اصحاب او وراء  حساب حمزه مون بيبي ولا نتوفر على القن السري (mot de passe ) ولا كلمة فوق كلمة القضاء ،الحق يعلو ولا يعلى عليه ✌🏻'),
('C6OQIAni9pm', 1097161420,'2024-04-26 11:16:36', 'https://instagram.frba3-1.fna.fbcdn.net/v/t51.29350-15/440224537_752014903708428_4003860599208449433_n.webp?stp=dst-jpg_e35&_nc_ht=instagram.frba3-1.fna.fbcdn.net&_nc_cat=100&_nc_ohc=hByTWNdTmK0Q7kNvgE-fJ5x&edm=AOQ1c0wBAAAA&ccb=7-5&ig_cache_key=MzM1NDY4OTY5MTYwMTA2NjU5OA%3D%3D.2-ccb7-5&oh=00_AfC_Xan-9U-ll0izh-RUCSojwXuPKJSaOGdTTYQhpO6S_Q&oe=6637F1B9&_nc_sid=8b3546', 'اللهم فرج همها وانصرها يا أرحم الراحمين 💔🙏🏻
#كلنا_دنيا_بطمة 
#المغرب_مغربنا 
#الله_ينصر_سيدنا 
#الله_الوطن_الملك 
#دنيا_بطمه'),
('C5oPdTHNmnN', 1097161420,'2024-04-11 16:59:38', 'https://instagram.frba3-2.fna.fbcdn.net/v/t51.29350-15/436409372_1628094777964857_5464274860891682971_n.jpg?stp=dst-jpg_e35_s1080x1080&_nc_ht=instagram.frba3-2.fna.fbcdn.net&_nc_cat=109&_nc_ohc=4fnZI6-Vj_QQ7kNvgEgDdAe&edm=AOQ1c0wBAAAA&ccb=7-5&ig_cache_key=MzM0Mzk5MDcwMDE1MDk0MjgwNw%3D%3D.2-ccb7-5&oh=00_AfA1wy19QUXcA-ubuPjHyaPszfciUOxbCzErfKL6MQ5sSg&oe=6637E297&_nc_sid=8b3546', 'ما شاء الله ❤️

@gazal.lailarose.batma 
@marielle_kids.ma 
@lina_agdour'),
('C5l00iJR0nX', 1582907522,'2024-04-10 18:30:05', 'https://instagram.frba3-1.fna.fbcdn.net/v/t51.29350-15/437590499_1521546095095572_6158878980257932185_n.jpg?stp=dst-jpg_e15&_nc_ht=instagram.frba3-1.fna.fbcdn.net&_nc_cat=100&_nc_ohc=J-aEPpUC7EcQ7kNvgHm_7dm&edm=AOQ1c0wBAAAA&ccb=7-5&oh=00_AfC9hy0aHsBdKhk3sKzqMev8BkzEZZVkyx9xrBc9Sd-bfg&oe=66341A1A&_nc_sid=8b3546', 'عيد مبارك سعيد 🙏🏻🌸
قفطاني من @ikramsbaiticouture 
طبيلتي من @decor_online19'),
('C5b4027xVsc', 1582907522,'2024-04-06 21:50:59', 'https://instagram.frba3-1.fna.fbcdn.net/v/t51.29350-15/435583673_1587101528753076_7206943984888614652_n.jpg?stp=dst-jpg_e35_p1080x1080&_nc_ht=instagram.frba3-1.fna.fbcdn.net&_nc_cat=100&_nc_ohc=6SXa6ii2Z10Q7kNvgFv_U-a&edm=AOQ1c0wBAAAA&ccb=7-5&ig_cache_key=MzM0MDUxMzQ2MzQ3Mzk0MzAyMQ%3D%3D.2-ccb7-5&oh=00_AfD9fdPDqUK7mPLlB6uLaANF7-g_nriaVt2bMcJdjmw-Aw&oe=66380F95&_nc_sid=8b3546', 'حبيبة روحي 🫶🏻🤍
قفطان من عند الحبيبة @ikramsbaiticouture 👏🏻'),
('C4bVT0Jx3sf', 1582907522,'2024-03-12 20:09:15', 'https://instagram.frba2-1.fna.fbcdn.net/v/t51.29350-15/432026698_406157611971611_4062503758125362781_n.jpg?stp=dst-jpg_e35_p1080x1080&_nc_ht=instagram.frba2-1.fna.fbcdn.net&_nc_cat=111&_nc_ohc=ifisvAT3ZxYQ7kNvgEUmR7L&edm=AOQ1c0wBAAAA&ccb=7-5&ig_cache_key=MzMyMjM0Mjg2NjcwOTQzMDg1Ng%3D%3D.2-ccb7-5&oh=00_AfAcHU5Elr8BEuVLv99X0IpwT1O9VCmbDg2-DFWvpNW1fw&oe=66381266&_nc_sid=8b3546', 'RAMADAN KARIM 🌙🤍'),
('C3YIcDruthr', 1582907522,'2024-02-15 17:47:39', 'https://instagram.frba2-1.fna.fbcdn.net/v/t51.29350-15/427512359_1210668506436139_3366485879955386919_n.jpg?stp=dst-jpg_e35_p1080x1080&_nc_ht=instagram.frba2-1.fna.fbcdn.net&_nc_cat=107&_nc_ohc=DN-KhEOsrB0Q7kNvgE6-oOj&edm=AOQ1c0wBAAAA&ccb=7-5&ig_cache_key=MzMwMzQyNzQzMjI5NTA4ODMxMg%3D%3D.2-ccb7-5&oh=00_AfCjjeBPSBd3-REoijDn4yT5ei6bsnNWlDP8fG05qDgmWQ&oe=6637EF9E&_nc_sid=8b3546', 'Hello Montréal ❄️🤍'),
('C1-D7vyNuNn', 1582907522,'2024-01-11 18:20:53', 'https://instagram.frba3-2.fna.fbcdn.net/v/t51.29350-15/418074677_1566611710837734_5239029256582640099_n.jpg?stp=dst-jpg_e15&_nc_ht=instagram.frba3-2.fna.fbcdn.net&_nc_cat=106&_nc_ohc=lvERmsiL84QQ7kNvgFHxUW3&edm=AOQ1c0wBAAAA&ccb=7-5&oh=00_AfBhfbSu1ykRJKPZPxC7_fAWXgwdhjoAFUJdGcEa5l1_ew&oe=6633EA21&_nc_sid=8b3546', 'الحمدلله حمدا كثيرا ، اللهم كتبها لكل مشتاق 🕋🤍'),
('C2m0Qiboe7c', 734278111,'2024-01-27 14:10:32', 'https://instagram.frba3-1.fna.fbcdn.net/v/t51.29350-15/422664956_911049994032673_7987217650233401337_n.jpg?stp=dst-jpg_e35_p1080x1080_sh0.08&_nc_ht=instagram.frba3-1.fna.fbcdn.net&_nc_cat=101&_nc_ohc=oNJuE-TqugIQ7kNvgGYRzyW&edm=AOQ1c0wBAAAA&ccb=7-5&oh=00_AfC2yqCe7QN8j34C_HJF-McYkf_vJIMoXfw0nUq9xe9cJw&oe=66340D4E&_nc_sid=8b3546', 'لقاء مع وزير السياحة الإفواري ♥️🇲🇦🇨🇮
📽️ @sabirusef'),
('C49AnZ5og8g', 734278111,'2024-03-25 22:03:21', 'https://instagram.frba3-1.fna.fbcdn.net/v/t51.29350-15/434396962_700485105365256_4574184247155417680_n.jpg?stp=dst-jpg_e15_fr_p1080x1080&_nc_ht=instagram.frba3-1.fna.fbcdn.net&_nc_cat=100&_nc_ohc=ZA8PclwF_V0Q7kNvgFq3HYG&edm=AOQ1c0wBAAAA&ccb=7-5&oh=00_AfCLEOrpw2hpH4cmWuzA9d0Ge6gmd3-r4eE1GsqJZXj1tg&oe=663414AC&_nc_sid=8b3546', 'تجربة دازت واعرة بزاااف فأجي تهضم ، و كنبغي نشكرهم حيت عطاوني هاد الفرصة نجرب إكستري صغير من السبيكطاكل ، و شكرااا جمهور الرباااط على الحب و البارح و شكرااا حتا الفنانة لي تقاسمت معاهم الخشبة لبارح ♥️ شكرااا و شكراا ليكم نتوما لي كنتو معايا مور التيليفون بقلبكم ♥️
القادم أفضل إن شاء الله ♥️

Organisation : @festival.ajithdm @lesinqualifiables 
🎦 : @talata.studio'),
('C5g0Qo9N-MH', 737987822,'2024-04-08 19:56:20', 'https://instagram.frba2-1.fna.fbcdn.net/v/t51.29350-15/436278215_2254201491645197_4858740321509266397_n.jpg?stp=dst-jpg_e35_p1080x1080_sh0.08&_nc_ht=instagram.frba2-1.fna.fbcdn.net&_nc_cat=105&_nc_ohc=rGo1yti-YCgQ7kNvgGb5DI8&edm=AOQ1c0wBAAAA&ccb=7-5&oh=00_AfDc4Rk0QOE4LzG1taTzayhGsL22E_vHKWG6p8gmIPiMyg&oe=663414EF&_nc_sid=8b3546', 'Qualité الأحلام تولي réalité !

Découvrez le nouveau REALME 12pro+ 📸

خلي تعليق تربح معانا الهاتف 🎁'),
('C5JS-WituL_', 737987822,'2024-03-30 16:49:49', 'https://instagram.frba3-1.fna.fbcdn.net/v/t51.29350-15/434856241_237986966004337_8327997533095074902_n.jpg?stp=dst-jpg_e15_fr_p1080x1080&_nc_ht=instagram.frba3-1.fna.fbcdn.net&_nc_cat=101&_nc_ohc=yU4dHIvOqtcQ7kNvgF6uIza&edm=AOQ1c0wBAAAA&ccb=7-5&oh=00_AfAha5JWv26l5fw_4Wx1s_6EKa-oKrqWEkxFLXqTM-xrHw&oe=6633F09A&_nc_sid=8b3546', 'Malikus Cook : Dessert biscuits Gooday 🍫 

Ingrédients : biscuit good day / vanille / crème fraîche / glace chocolat

Taguez trois amis + follow @fabis_algerie pour gagner un IPhone 15 🎁

Montage : @mestiich 📹'),
('C3GGvtxtxX2', 737987822,'2024-02-08 17:46:32', 'https://instagram.frba2-1.fna.fbcdn.net/v/t51.29350-15/425690111_329619586734797_6035238280784384564_n.jpg?stp=dst-jpg_e35_p1080x1080&_nc_ht=instagram.frba2-1.fna.fbcdn.net&_nc_cat=105&_nc_ohc=Twc_fktvkNYQ7kNvgEbu1Y3&edm=AOQ1c0wBAAAA&ccb=7-5&ig_cache_key=MzI5ODM1MzQ0MTMxNDEwMzM5OA%3D%3D.2-ccb7-5&oh=00_AfAJ3M5pq9_PhkL7lakHSyyY-q3eCn_5qWXMQFkuOV-0Vw&oe=6637F34B&_nc_sid=8b3546', 'Les trois dans un film ? 🍿⭐️🇩🇿'),
('C25HapWNG_4', 737987822,'2024-02-03 16:42:16', 'https://instagram.frba2-1.fna.fbcdn.net/v/t51.29350-15/424513928_1056561078981199_4653769366853590034_n.jpg?stp=dst-jpg_e35_p1080x1080&_nc_ht=instagram.frba2-1.fna.fbcdn.net&_nc_cat=107&_nc_ohc=MsjGXNFpahYQ7kNvgF444wu&edm=AOQ1c0wBAAAA&ccb=7-5&ig_cache_key=MzI5NDY5NzIxNTg0MTYxMjIwNQ%3D%3D.2-ccb7-5&oh=00_AfDJz74cDxTZ0xPwMMcdOqX1JiJllKwtYaTGdauitvqSpQ&oe=6637E797&_nc_sid=8b3546', 'Budapest 🇭🇺🍊'),
('CwfGLm7NPEy', 241466858,'2023-08-28 11:04:18', 'https://instagram.frba2-2.fna.fbcdn.net/v/t51.2885-15/370733764_1057673898943568_1246665589442779821_n.jpg?stp=dst-jpg_e15&_nc_ht=instagram.frba2-2.fna.fbcdn.net&_nc_cat=108&_nc_ohc=Qqh40IIN_2IQ7kNvgHGkXUL&edm=AOQ1c0wBAAAA&ccb=7-5&oh=00_AfDcy4QtsMLGWRbIObQAK75cv5q1xhRXY7B0r_dSnVxZcQ&oe=66340010&_nc_sid=8b3546', 'تصوير الحبايب من عين المكان ♥️
شكرا @spotify @spotifyarabia @rotanamusic'),
('CvIjh9btpjl', 241466858,'2023-07-25 20:25:23', 'https://instagram.frba2-2.fna.fbcdn.net/v/t39.30808-6/363382212_18371228167058859_1972345436671136920_n.jpg?stp=dst-jpg_e35_p1080x1080_sh0.08&_nc_ht=instagram.frba2-2.fna.fbcdn.net&_nc_cat=103&_nc_ohc=RtUZB7w9Cy0Q7kNvgGxEdWg&edm=AOQ1c0wAAAAA&ccb=7-5&ig_cache_key=MzE1NDkyNzgwNDMwNjg1NjE2NQ%3D%3D.2-ccb7-5&oh=00_AfC5WCEJgOildAEDzunDmH8Wp7rYszx-8-loO2xrbqyMDw&oe=6637E939&_nc_sid=8b3546', 'Happy birthday to me 🎉🎊🎂🎈🎈🎈🎂🎂🎂🎊🎊🎊 
25 jul ♥️♥️♥️'),
('C6a9EIlNlux', 241466858,'2024-05-01 09:40:10', 'https://instagram.frba3-2.fna.fbcdn.net/v/t51.29350-15/440737481_401274912754259_8935997565398175803_n.jpg?stp=dst-jpg_e35_p1080x1080&_nc_ht=instagram.frba3-2.fna.fbcdn.net&_nc_cat=1&_nc_ohc=fScqYU7bf3gQ7kNvgHrZ23b&edm=AOQ1c0wBAAAA&ccb=7-5&ig_cache_key=MzM1ODI2NTAzMTI4MjYyNDkyMg%3D%3D.2-ccb7-5&oh=00_AfCbW4mYoVJd_LzZHJ5PaR7IShlXl8tuZCqu8y_SrWO86Q&oe=6637F10E&_nc_sid=8b3546', 'إنا لله و إنا إليه راجعون 😢 أسلمت الروح إلى بارئها . وداعا صديقي ورفيق المشوار و الدرب 😢😢😢 إن العين تدمع والقلب يحزن، ولا نقول إلا ما يرضي ربنا، وإنا لفراقك يا (أحمد هبيشة) لمحزونون . 
وداعا المايسترو و أحد أمهر عازفي الكمان الفنان صاحب الابتسامة و القلب الطيب أحمد هبيشة 😢😢😢😢'),
('C2k2yedIVQ5', 1547634846,'2024-01-26 19:53:03', 'https://instagram.frba3-2.fna.fbcdn.net/v/t51.29350-15/422801654_1079958849777034_8508866351524570747_n.jpg?stp=dst-jpg_e15&_nc_ht=instagram.frba3-2.fna.fbcdn.net&_nc_cat=110&_nc_ohc=IrtX03zToBcQ7kNvgF_HT06&edm=AOQ1c0wBAAAA&ccb=7-5&oh=00_AfCYQCUNu-on0RWQ1I3l3jUgCg-gLKrs1uhFcMQyZDTN0w&oe=6634117B&_nc_sid=8b3546', 'الزين تطواني😍 القلب كازاوي 🫀و العيون من بوجدور الشعر الفاسي المكناسي السالف المنظور المنظور المنظور و كيفك آيمًًّا من الناظور 🇲🇦
Share with me your Videos Enjoying this HIT 🔥'),
('C6J04qvrCoO', 1547634846,'2024-04-24 18:05:05', 'https://instagram.frba2-2.fna.fbcdn.net/v/t51.29350-15/439953900_891100856364639_3146363564254727566_n.jpg?stp=dst-jpg_e15_fr_p1080x1080&_nc_ht=instagram.frba2-2.fna.fbcdn.net&_nc_cat=103&_nc_ohc=hHqP6XG1kUEQ7kNvgEuQmz7&edm=AOQ1c0wBAAAA&ccb=7-5&oh=00_AfCWMU5lnU9xDOBcmMOmW2fjE-1bNAqyR3OWhZRBKRJySw&oe=6633E7E1&_nc_sid=8b3546', 'يتخلّي عليا بلاش✨'),
('C560IKNMyqj', 628942645,'2024-04-18 22:06:23', 'https://instagram.frba3-2.fna.fbcdn.net/v/t51.29350-15/438994253_1484314849108722_7541093316572280483_n.jpg?stp=dst-jpg_e15&_nc_ht=instagram.frba3-2.fna.fbcdn.net&_nc_cat=106&_nc_ohc=FkuRsddZyAEQ7kNvgGeOyry&edm=AOQ1c0wBAAAA&ccb=7-5&oh=00_AfCpSewyYxvySrD1A8P_JFp_GCVed9igItyax0RS9T9u6w&oe=66340929&_nc_sid=8b3546', 'Nuevo tema disponible en el canal de mi hermano @blokecon ft @delarue 💪💪❤️🔥'),
('C5wKM1es2h1', 628942645,'2024-04-14 18:47:37', 'https://instagram.frba3-2.fna.fbcdn.net/v/t51.29350-15/437134589_401946099366238_5921101455631045186_n.jpg?stp=dst-jpg_e35_p1080x1080&_nc_ht=instagram.frba3-2.fna.fbcdn.net&_nc_cat=110&_nc_ohc=wDLPgTpzQLcQ7kNvgHYJx_A&edm=AOQ1c0wBAAAA&ccb=7-5&ig_cache_key=MzM0NjIxOTM3OTUwOTQ1NDcxMA%3D%3D.2-ccb7-5&oh=00_AfA4cSoSrXtl2q25Bpt3pnvS15L4TuQCA7A0idqPRrUvZA&oe=6637F479&_nc_sid=8b3546', 'Morad: gracias a todos por el apoyo a la cancion. Yo no uso mis redes sociales, por eso no puedo responder a mis amigos y a la gente que me escucha; muchas gracias por el apoyo💪💪

Esta semana nueva musica, y asi sin parar. 

Viene un verano MDLR nos vemos en los conciertos pronto, un abrazo!!❤️❤️❤️'),
('C5oyLbusD2P', 628942645,'2024-04-11 22:03:01', 'https://instagram.frba2-2.fna.fbcdn.net/v/t51.29350-15/437081212_482720140853960_413611793884509675_n.jpg?stp=dst-jpg_e15&_nc_ht=instagram.frba2-2.fna.fbcdn.net&_nc_cat=108&_nc_ohc=Gi87VbrFOcUQ7kNvgHPiqMh&edm=AOQ1c0wBAAAA&ccb=7-5&oh=00_AfCEzynd3N3Fol5BNKatrUO4aHo9lTziXqevaiYLN9SGbw&oe=6633EE64&_nc_sid=8b3546', 'Habeis hablado todos ya? Ahora me toca a mi😁💪❤️ CONTENTO EN TODOOS LADOS🔥🔥🔥BUSCALA YAAA'),
('C5gjjv9sGSy', 628942645,'2024-04-08 17:21:21', 'https://instagram.frba2-2.fna.fbcdn.net/v/t51.29350-15/436701179_7494494850638552_8107596773178920126_n.jpg?stp=dst-jpg_e35_p1080x1080&_nc_ht=instagram.frba2-2.fna.fbcdn.net&_nc_cat=108&_nc_ohc=3jr3O1NXY30Q7kNvgH4nQ27&edm=AOQ1c0wBAAAA&ccb=7-5&ig_cache_key=MzM0MTgyNzMwMzU5ODYxMjI3OQ%3D%3D.2-ccb7-5&oh=00_AfDxogmtkT7YRFT0BsDmktXn4c6F-84AOMP6sLoYx3ggSw&oe=6637FBEA&_nc_sid=8b3546', 'Este jueves volvemos, demasiado descanso😮‍💨😮‍💨'),
('C4XsQFwsQgo', 628942645,'2024-03-11 10:12:45', 'https://instagram.frba3-2.fna.fbcdn.net/v/t51.29350-15/432322626_1424997055056142_2180060262307745921_n.jpg?stp=dst-jpg_e35_p1080x1080&_nc_ht=instagram.frba3-2.fna.fbcdn.net&_nc_cat=110&_nc_ohc=rGyKu7UC6BUQ7kNvgG1Ppbs&edm=AOQ1c0wBAAAA&ccb=7-5&ig_cache_key=MzMyMTMxNzg2OTk1Mjc2Mzk0NA%3D%3D.2-ccb7-5&oh=00_AfBmxz_GoR6nCIbOaVkRjKdwafTZtX6xblCRZMKY0GdpPQ&oe=66380F06&_nc_sid=8b3546', 'Ramadan mubarak para todos mis hermanos y hermanas musulmanes, este mes ya sabeis no habrá salidas de musica ni nada, espero que podáis disfrutarlo con la familia o vuestras personas queridas y sobretodo este año recordar todos los rezos para nuestros hermanos palestinos que este ramadan va ser el mas duro para ellos mucha fuerza ……… Y porfavor, no dejeis llevaros de tik tok y tonterias, llevaros de vuestra propia fe…. Feliz ramadan a todos y si alguno no tiene donde ir a comer o lo que sea ya sabéis en mi barrio sois todos bienvenidos
FREE PALESTINA!! 🇵🇸'),
('C6JyB4ENdQr', 634912408,'2024-04-24 17:36:39', 'https://instagram.frba3-1.fna.fbcdn.net/v/t39.30808-6/440126648_18437496622032409_6919275515409571811_n.jpg?stp=dst-jpg_e35_s1080x1080_sh0.08&_nc_ht=instagram.frba3-1.fna.fbcdn.net&_nc_cat=101&_nc_ohc=dFHrwgWYi-4Q7kNvgEse6l9&edm=AOQ1c0wAAAAA&ccb=7-5&ig_cache_key=MzM1MzQzMTQyODc5OTI1NTU5NQ%3D%3D.2-ccb7-5&oh=00_AfBghTgzj170CwftToXr6Qp9j6f6IyXI9a4uNg_Rc1aNIA&oe=6637EA8F&_nc_sid=8b3546', 'متشوقة نشوفكم ونغنيو بمهرجان البهجة للموسيقى بمدينة مراكش بساحة الفنا يوم :
5 ماي 
😍🫶🏻 @mjccgov'),
('C5kufl_CP1g', 3209477045,'2024-04-10 08:13:52', 'https://instagram.frba2-1.fna.fbcdn.net/v/t51.29350-15/437570172_304880949126074_1895888642747083923_n.jpg?stp=dst-jpg_e35_p1080x1080&_nc_ht=instagram.frba2-1.fna.fbcdn.net&_nc_cat=102&_nc_ohc=gpUyda0WSKIQ7kNvgHaXrqe&edm=AOQ1c0wBAAAA&ccb=7-5&ig_cache_key=MzM0MzAwMTMwNDY0NTA0MTUwNA%3D%3D.2-ccb7-5&oh=00_AfCJJtfsjWqTU5y88URnj_PRLNKemM_zzzdYyiSOCQDNlQ&oe=6637DD7B&_nc_sid=8b3546', 'Eid mubarak❤️ taqabbal Allahu minna wa minkum🤲🏻🙏🏻'),
('C41wzeRCFKS', 3209477045,'2024-03-23 02:29:45', 'https://instagram.frba3-2.fna.fbcdn.net/v/t51.29350-15/432966224_457059907008306_3023251392815341075_n.jpg?stp=dst-jpg_e35_s1080x1080&_nc_ht=instagram.frba3-2.fna.fbcdn.net&_nc_cat=106&_nc_ohc=i7V-JLyzewIQ7kNvgHPQ5cs&edm=AOQ1c0wBAAAA&ccb=7-5&ig_cache_key=MzMyOTc4MjEyOTAyNjA2ODY1NA%3D%3D.2-ccb7-5&oh=00_AfCBqbknJZkpo1YYgGAenLA1w6lgwTmuIYU9NK6UqJE5jw&oe=66380A05&_nc_sid=8b3546', 'Thanks for the support! 🇲🇦❤️'),
('C6G54suIabL', 1624141808,'2024-04-23 14:57:36', 'https://instagram.frba3-2.fna.fbcdn.net/v/t51.29350-15/440621658_750871180181926_3979660441130349377_n.jpg?stp=dst-jpg_e35_p1080x1080_sh0.08&_nc_ht=instagram.frba3-2.fna.fbcdn.net&_nc_cat=110&_nc_ohc=NQDneOb11vkQ7kNvgGUVRmc&edm=AOQ1c0wBAAAA&ccb=7-5&oh=00_AfC_fM8izYmIAg2mIRfpTZNP-lQmfBY80IaBTwjLqL71aQ&oe=6633FFD3&_nc_sid=8b3546', '٩١١ بليز🤏🏽'),
('C5wJnM3oPzH', 1624141808,'2024-04-14 18:42:29', 'https://instagram.frba3-2.fna.fbcdn.net/v/t51.29350-15/437290986_7349314611830746_6577834627232287339_n.jpg?stp=dst-jpg_e35_p1080x1080&_nc_ht=instagram.frba3-2.fna.fbcdn.net&_nc_cat=110&_nc_ohc=0Puk88VLtNYQ7kNvgHeDFS8&edm=AOQ1c0wBAAAA&ccb=7-5&ig_cache_key=MzM0NjIxNjc4OTM4MzE3MDA3OA%3D%3D.2-ccb7-5&oh=00_AfDzCeqsAbn8zUSkyxDWHSdPJi3KpS4o6rRC9NI1yDtU4g&oe=6638061A&_nc_sid=8b3546', 'من مقابلتي مع برنامج كلام نواعم 🤍
كان نقاش حاد عن السوشل ميديا مع الفنان احمد زاهر😂✨'),
('C5lgfFyoKzj', 1624141808,'2024-04-10 15:30:42', 'https://instagram.frba2-1.fna.fbcdn.net/v/t51.29350-15/435730103_450586184057759_8248623546816866763_n.jpg?stp=dst-jpg_e35_p1080x1080&_nc_ht=instagram.frba2-1.fna.fbcdn.net&_nc_cat=111&_nc_ohc=Ajne3OKCesoQ7kNvgEbVntq&edm=AOQ1c0wBAAAA&ccb=7-5&ig_cache_key=MzM0MzIyMTE2MjA1MTM1NTQ5OQ%3D%3D.2-ccb7-5&oh=00_AfAsBYDwg4PrdfZjdCfQHkq8cHGHaGh0iwrw9MQjVQzE5w&oe=6637E367&_nc_sid=8b3546', '🤍🩶'),
('C5eBglcIiIv', 1624141808,'2024-04-07 17:47:12', 'https://instagram.frba2-2.fna.fbcdn.net/v/t51.29350-15/440916985_446863981043619_8693925261793395822_n.jpg?stp=dst-jpg_e35_p1080x1080_sh0.08&_nc_ht=instagram.frba2-2.fna.fbcdn.net&_nc_cat=103&_nc_ohc=EBVGrAGoKH0Q7kNvgESZoYE&edm=AOQ1c0wBAAAA&ccb=7-5&oh=00_AfBJDgYn_iqBotiVEsOPjxYjmuRPOrKSgJ-xdcqH0nACzA&oe=6634079C&_nc_sid=8b3546', 'أيام صعبه..');


INSERT INTO HASHTAGS (HASHTAG) VALUES
('الله_الوطن_الملك'),
('عاش_الملك'),
('الله_ينصر_سيدنا'),
('كلنا_دنيا_بطمة'),
('المغرب_مغربنا'),
('دنيا_بطمه');


INSERT INTO HASHTAGMAPPINGS (POST_ID, HASHTAG_ID) VALUES
('C1xjhTpCJSY', (SELECT HASHTAG_ID FROM HASHTAGS WHERE hashtag = 'الله_الوطن_الملك')),
('C1xjhTpCJSY', (SELECT HASHTAG_ID FROM HASHTAGS WHERE hashtag = 'عاش_الملك')),
('C1xjhTpCJSY', (SELECT HASHTAG_ID FROM HASHTAGS WHERE hashtag = 'الله_ينصر_سيدنا')),
('C6OQIAni9pm', (SELECT HASHTAG_ID FROM HASHTAGS WHERE hashtag = 'كلنا_دنيا_بطمة')),
('C6OQIAni9pm', (SELECT HASHTAG_ID FROM HASHTAGS WHERE hashtag = 'المغرب_مغربنا')),
('C6OQIAni9pm', (SELECT HASHTAG_ID FROM HASHTAGS WHERE hashtag = 'الله_ينصر_سيدنا')),
('C6OQIAni9pm', (SELECT HASHTAG_ID FROM HASHTAGS WHERE hashtag = 'الله_الوطن_الملك')),
('C6OQIAni9pm', (SELECT HASHTAG_ID FROM HASHTAGS WHERE hashtag = 'دنيا_بطمه'));


INSERT INTO LIKES VALUES
(1582907522, 'C6G54suIabL', '2024-01-15 18:17:31'),
(1582907522, 'C1-D7vyNuNn', '2024-05-25 00:58:22'),
(241466858, 'C4XsQFwsQgo', '2024-04-26 09:03:08'),
(1582907522, 'C6a9EIlNlux', '2024-08-04 05:47:49'),
(634912408, 'C25HapWNG_4', '2024-08-07 21:49:49'),
(628942645, 'C4bVT0Jx3sf', '2024-01-28 07:53:08'),
(1624141808, 'C5wKM1es2h1', '2024-08-02 04:16:21'),
(634912408, 'C6OQIAni9pm', '2024-10-27 00:40:14'),
(1582907522, 'C560IKNMyqj', '2024-05-24 04:54:04'),
(1547634846, 'C4XsQFwsQgo', '2024-10-21 23:23:16'),
(1624141808, 'C6G54suIabL', '2024-05-22 21:18:48'),
(737987822, 'C5oyLbusD2P', '2024-05-22 01:57:26'),
(241466858, 'C560IKNMyqj', '2024-10-18 21:34:27'),
(1097161420, 'C25HapWNG_4', '2024-09-06 23:59:48'),
(628942645, 'C41wzeRCFKS', '2024-08-09 04:25:51'),
(1624141808, 'C2m0Qiboe7c', '2024-07-18 19:17:56'),
(1582907522, 'C1z-pepitKK', '2024-11-27 17:49:03'),
(734278111, 'C3GGvtxtxX2', '2024-08-23 03:51:20'),
(634912408, 'C1z-pepitKK', '2024-03-13 20:06:45'),
(1624141808, 'C1yAr1ICROe', '2024-03-26 15:19:13'),
(628942645, 'C6JyB4ENdQr', '2024-08-09 06:44:42'),
(1624141808, 'C5eBglcIiIv', '2024-11-27 02:52:02'),
(634912408, 'C6a9EIlNlux', '2024-09-18 10:46:49'),
(1624141808, 'C5b4027xVsc', '2024-02-26 21:10:09'),
(1097161420, 'C5oyLbusD2P', '2024-01-09 08:41:23'),
(1547634846, 'C560IKNMyqj', '2024-10-01 12:06:21'),
(241466858, 'C5wJnM3oPzH', '2024-07-02 10:50:32'),
(241466858, 'C1z-pepitKK', '2024-02-12 22:57:42'),
(1097161420, 'C5kufl_CP1g', '2024-09-25 19:05:26'),
(734278111, 'C49AnZ5og8g', '2024-12-23 11:14:50'),
(628942645, 'C3YIcDruthr', '2024-10-23 11:10:56'),
(3209477045, 'C1-D7vyNuNn', '2024-01-19 17:51:39'),
(3209477045, 'C6OQIAni9pm', '2024-10-08 22:56:44'),
(1097161420, 'C2k2yedIVQ5', '2024-12-27 08:53:52'),
(1097161420, 'C5gjjv9sGSy', '2024-11-17 21:57:42'),
(1097161420, 'CvIjh9btpjl', '2024-03-23 07:36:55'),
(1582907522, 'C5kufl_CP1g', '2024-09-04 09:57:55'),
(1547634846, 'C5gjjv9sGSy', '2024-01-18 11:48:11'),
(241466858, 'C5oPdTHNmnN', '2024-12-15 00:59:14'),
(734278111, 'C1z-pepitKK', '2024-07-05 19:59:20'),
(1547634846, 'C5eBglcIiIv', '2024-09-12 00:57:52'),
(628942645, 'C3GGvtxtxX2', '2024-08-21 00:14:06'),
(3209477045, 'C5wKM1es2h1', '2024-04-24 00:06:07'),
(737987822, 'C1-D7vyNuNn', '2024-11-05 23:35:27'),
(734278111, 'C5wKM1es2h1', '2024-05-16 10:53:11'),
(1547634846, 'C5g0Qo9N-MH', '2024-06-21 21:56:13'),
(3209477045, 'C5g0Qo9N-MH', '2024-01-22 06:14:34'),
(734278111, 'C1yAr1ICROe', '2024-05-08 17:44:41'),
(3209477045, 'C25HapWNG_4', '2024-03-19 17:12:36'),
(241466858, 'C2k2yedIVQ5', '2024-11-08 07:46:01'),
(1097161420, 'C1z-pepitKK', '2024-04-03 03:51:09'),
(628942645, 'C5lgfFyoKzj', '2024-01-25 18:07:03'),
(634912408, 'C5b4027xVsc', '2024-11-20 22:52:50'),
(734278111, 'C4bVT0Jx3sf', '2024-07-12 02:08:36'),
(3209477045, 'C5oPdTHNmnN', '2024-02-16 09:53:24'),
(3209477045, 'C4XsQFwsQgo', '2024-08-22 21:00:28'),
(737987822, 'C3GGvtxtxX2', '2024-05-22 17:56:32'),
(241466858, 'C6J04qvrCoO', '2024-12-01 09:44:52'),
(3209477045, 'C5oyLbusD2P', '2024-02-09 23:50:25'),
(737987822, 'C5JS-WituL_', '2024-01-08 08:45:52'),
(737987822, 'C6J04qvrCoO', '2024-02-01 00:36:23'),
(3209477045, 'C41wzeRCFKS', '2024-05-05 16:11:57'),
(1582907522, 'C6OQIAni9pm', '2024-04-03 13:05:36'),
(1624141808, 'C6OQIAni9pm', '2024-11-02 06:10:08'),
(628942645, 'C49AnZ5og8g', '2024-11-15 23:24:32'),
(1547634846, 'C3GGvtxtxX2', '2024-07-20 18:05:14');


INSERT INTO SAVEDPOSTS VALUES
(634912408, 'C6JyB4ENdQr', '2024-07-01 15:18:16'),
(3209477045, 'CwfGLm7NPEy', '2024-10-13 11:18:36'),
(634912408, 'C4bVT0Jx3sf', '2024-03-08 13:52:38'),
(1547634846, 'C2k2yedIVQ5', '2024-12-04 23:16:01'),
(734278111, 'C3GGvtxtxX2', '2024-01-05 04:44:26'),
(1097161420, 'C5wKM1es2h1', '2024-12-17 07:09:33'),
(628942645, 'CvIjh9btpjl', '2024-04-27 18:47:02'),
(241466858, 'C560IKNMyqj', '2024-03-20 08:21:30'),
(628942645, 'C6G54suIabL', '2024-03-15 06:04:54'),
(1624141808, 'C2k2yedIVQ5', '2024-08-09 15:23:15'),
(1547634846, 'C1-D7vyNuNn', '2024-08-06 14:35:07'),
(241466858, 'C5JS-WituL_', '2024-04-13 22:35:53'),
(1624141808, 'C3GGvtxtxX2', '2024-01-11 07:30:54'),
(634912408, 'C5l00iJR0nX', '2024-10-06 03:19:48'),
(628942645, 'C5l00iJR0nX', '2024-01-24 17:56:49'),
(628942645, 'C1z-pepitKK', '2024-10-24 01:11:10'),
(1097161420, 'C5oPdTHNmnN', '2024-03-01 16:31:00'),
(737987822, 'C6OQIAni9pm', '2024-01-27 04:12:44'),
(1547634846, 'C25HapWNG_4', '2024-04-09 10:53:38'),
(734278111, 'C5g0Qo9N-MH', '2024-12-10 11:50:24'),
(737987822, 'C4bVT0Jx3sf', '2024-10-13 20:18:29'),
(3209477045, 'C5wJnM3oPzH', '2024-11-13 18:32:08'),
(734278111, 'C4bVT0Jx3sf', '2024-10-19 04:38:58'),
(1547634846, 'C1xjhTpCJSY', '2024-05-17 16:16:19'),
(628942645, 'C2m0Qiboe7c', '2024-12-01 10:17:13'),
(734278111, 'C6a9EIlNlux', '2024-02-09 03:32:12'),
(1097161420, 'C3GGvtxtxX2', '2024-06-28 13:02:18'),
(1582907522, 'C6JyB4ENdQr', '2024-10-17 06:20:40'),
(628942645, 'C6J04qvrCoO', '2024-07-28 13:16:57'),
(734278111, 'C5wKM1es2h1', '2024-12-23 23:20:12'),
(737987822, 'C6a9EIlNlux', '2024-12-14 02:06:11'),
(1624141808, 'C5l00iJR0nX', '2024-11-22 17:04:56'),
(1624141808, 'C3YIcDruthr', '2024-05-04 10:41:07'),
(3209477045, 'C3GGvtxtxX2', '2024-12-06 22:07:34'),
(734278111, 'C6JyB4ENdQr', '2024-04-15 03:34:01'),
(1097161420, 'C25HapWNG_4', '2024-06-07 02:55:52'),
(241466858, 'C1xjhTpCJSY', '2024-01-05 16:55:51'),
(734278111, 'C1xjhTpCJSY', '2024-06-15 02:56:04'),
(1582907522, 'C5kufl_CP1g', '2024-07-04 09:34:22'),
(1624141808, 'C5eBglcIiIv', '2024-08-22 23:13:46'),
(241466858, 'C49AnZ5og8g', '2024-02-11 01:44:35'),
(241466858, 'C5eBglcIiIv', '2024-10-26 09:19:44'),
(1097161420, 'C5eBglcIiIv', '2024-01-17 20:51:21'),
(3209477045, 'C2k2yedIVQ5', '2024-09-26 13:39:48'),
(1547634846, 'CwfGLm7NPEy', '2024-09-25 13:25:49'),
(3209477045, 'C5g0Qo9N-MH', '2024-07-24 00:16:37'),
(241466858, 'C25HapWNG_4', '2024-03-21 08:54:57'),
(241466858, 'C2m0Qiboe7c', '2024-04-13 04:50:02'),
(737987822, 'C5wKM1es2h1', '2024-02-28 08:55:44'),
(634912408, 'C4XsQFwsQgo', '2024-10-19 20:58:58'),
(241466858, 'C5l00iJR0nX', '2024-04-02 14:44:54'),
(634912408, 'C1-D7vyNuNn', '2024-06-03 21:03:48'),
(1582907522, 'CwfGLm7NPEy', '2024-11-05 09:27:21'),
(3209477045, 'C3YIcDruthr', '2024-01-05 14:48:13'),
(734278111, 'C5oPdTHNmnN', '2024-04-24 03:56:13'),
(1624141808, 'C1yAr1ICROe', '2024-11-01 05:35:25'),
(734278111, 'C6G54suIabL', '2024-04-14 03:49:53'),
(1582907522, 'C49AnZ5og8g', '2024-05-18 14:32:55'),
(628942645, 'C5g0Qo9N-MH', '2024-01-06 04:59:07'),
(241466858, 'C6J04qvrCoO', '2024-06-03 21:36:44'),
(3209477045, 'C1xjhTpCJSY', '2024-03-10 04:34:03'),
(734278111, 'C2m0Qiboe7c', '2024-03-19 07:10:08'),
(241466858, 'C5lgfFyoKzj', '2024-05-02 20:56:46'),
(1624141808, 'C5b4027xVsc', '2024-01-25 20:08:32'),
(241466858, 'C6G54suIabL', '2024-12-16 04:08:11'),
(3209477045, 'C6J04qvrCoO', '2024-09-07 00:09:15');


INSERT INTO COMMENTS VALUES
(628942645, 'C5gjjv9sGSy', '2024-11-04 02:27:37', 'Character technology most father with believe large woman.'),
(634912408, 'C1-D7vyNuNn', '2024-06-14 08:56:35', 'Among campaign challenge American.'),
(734278111, 'CvIjh9btpjl', '2024-06-24 19:29:12', 'Option growth need short property world job friend forward know father science.'),
(737987822, 'C3YIcDruthr', '2024-09-04 13:12:52', 'Onto particular health bit.'),
(1097161420, 'C5kufl_CP1g', '2024-12-06 15:20:28', 'Month maintain tough reason also feeling school enough its nearly can.'),
(241466858, 'C2k2yedIVQ5', '2024-04-11 12:22:12', 'Score now practice world church senior law imagine.'),
(3209477045, 'C3YIcDruthr', '2024-07-06 18:48:27', 'You inside amount box true main whom article second.'),
(1547634846, 'C4bVT0Jx3sf', '2024-06-07 16:50:48', 'Arm myself page.'),
(634912408, 'C5l00iJR0nX', '2024-09-01 20:22:47', 'Poor.'),
(1624141808, 'C25HapWNG_4', '2024-03-20 19:56:31', 'Worker rise art yard example under class TV ability.'),
(628942645, 'C6a9EIlNlux', '2024-02-09 17:43:55', 'Evidence break campaign he begin sometimes rate image test.'),
(1582907522, 'C3YIcDruthr', '2024-04-21 07:44:53', 'Billion woman time the next material knowledge.'),
(3209477045, 'C5oPdTHNmnN', '2024-10-27 11:29:41', 'Sort really.'),
(3209477045, 'C41wzeRCFKS', '2024-04-15 02:43:28', 'Available party travel need.'),
(734278111, 'C5eBglcIiIv', '2024-05-07 15:49:06', 'Reach once.'),
(634912408, 'C1z-pepitKK', '2024-03-22 02:23:11', 'Property manage knowledge feeling.'),
(1097161420, 'C49AnZ5og8g', '2024-11-02 12:45:43', 'Should power.'),
(634912408, 'C5wJnM3oPzH', '2024-08-07 07:08:25', 'Understand analysis avoid family.'),
(1097161420, 'C1yAr1ICROe', '2024-05-09 03:55:35', 'Leg others year her act.'),
(1582907522, 'C5l00iJR0nX', '2024-04-23 07:41:03', 'Community foreign.'),
(241466858, 'C5l00iJR0nX', '2024-03-05 18:55:04', 'House quite on by eight employee quite.'),
(1624141808, 'C5lgfFyoKzj', '2024-04-24 07:27:56', 'Write forget will side.'),
(1547634846, 'C5gjjv9sGSy', '2024-05-12 16:00:21', 'Speech million skill computer.'),
(628942645, 'C5wKM1es2h1', '2024-11-21 20:36:09', 'Let leave threat finish there choice push low sell.'),
(3209477045, 'C5JS-WituL_', '2024-04-15 15:44:20', 'Respond against prevent party effort structure.'),
(1547634846, 'C6JyB4ENdQr', '2024-10-21 04:29:43', 'Policy behind really involve recognize contain authority class ability.'),
(1624141808, 'C1z-pepitKK', '2024-05-08 12:58:39', 'Note myself money remain produce majority probably factor memory move.'),
(734278111, 'C5gjjv9sGSy', '2024-03-22 12:38:50', 'Industry national skill perhaps building feeling young hot wife Democrat.'),
(734278111, 'C5b4027xVsc', '2024-08-11 00:48:03', 'Effort campaign kid.'),
(1624141808, 'C5b4027xVsc', '2024-10-07 15:35:20', 'Father cover establish industry.'),
(628942645, 'CvIjh9btpjl', '2024-11-13 04:58:14', 'Really experience concern night arm finally even candidate speak.'),
(1547634846, 'C5g0Qo9N-MH', '2024-04-25 03:37:58', 'Degree policy.'),
(1097161420, 'C5oPdTHNmnN', '2024-04-10 00:02:59', 'Respond three husband tough call send night.'),
(1582907522, 'CvIjh9btpjl', '2024-04-19 14:02:43', 'Not popular family community.'),
(1547634846, 'C5l00iJR0nX', '2024-02-03 14:18:56', 'Through course laugh available wide.'),
(737987822, 'C5l00iJR0nX', '2024-04-11 17:50:46', 'What when cut year more sea.'),
(1582907522, 'C1yAr1ICROe', '2024-08-21 14:30:12', 'Energy letter song lay.'),
(1547634846, 'C2k2yedIVQ5', '2024-04-20 01:30:49', 'Consider scientist father security education hospital later.'),
(241466858, 'C41wzeRCFKS', '2024-02-06 00:53:28', 'Carry pick space.'),
(3209477045, 'C3GGvtxtxX2', '2024-12-24 03:25:04', 'Manager nothing recognize leader them sell type bag speak improve.'),
(1582907522, 'C5kufl_CP1g', '2024-10-06 12:37:12', 'Story Congress price.'),
(1624141808, 'C49AnZ5og8g', '2024-10-11 12:25:48', 'Church gas operation perhaps source.'),
(628942645, 'C2k2yedIVQ5', '2024-02-26 04:12:56', 'Wonder out.'),
(1097161420, 'C5b4027xVsc', '2024-07-25 06:25:59', 'Wish expert bank.'),
(628942645, 'CwfGLm7NPEy', '2024-06-27 07:10:16', 'May Democrat project sense.'),
(737987822, 'C5oPdTHNmnN', '2024-11-23 05:02:42', 'Important enjoy alone until listen food activity might.'),
(634912408, 'C5lgfFyoKzj', '2024-04-22 10:16:09', 'Exactly protect something phone color after.'),
(1097161420, 'C25HapWNG_4', '2024-02-01 16:32:17', 'Explain education still support.'),
(1582907522, 'C5oPdTHNmnN', '2024-02-15 18:31:45', 'Performance our media popular too stuff today.'),
(1097161420, 'C1-D7vyNuNn', '2024-08-16 07:34:50', 'Film board wife cell seven project.'),
(1097161420, 'C5gjjv9sGSy', '2024-10-13 19:52:14', 'Loss eye then rise data law certain new.'),
(634912408, 'C5JS-WituL_', '2024-06-18 00:19:37', 'Best support local attention.'),
(1624141808, 'C5l00iJR0nX', '2024-02-08 06:07:37', 'From the raise really.'),
(737987822, 'C5kufl_CP1g', '2024-09-19 03:38:36', 'Low at beautiful across wide.'),
(634912408, 'C5oPdTHNmnN', '2024-04-15 18:55:55', 'Agency suggest move.'),
(1624141808, 'C3YIcDruthr', '2024-04-26 06:49:45', 'Bill message line leader image of first commercial blood always ten bank.'),
(734278111, 'C5oPdTHNmnN', '2024-02-10 20:26:21', 'Bad reflect senior material make cell someone.'),
(1582907522, 'C5g0Qo9N-MH', '2024-04-23 11:18:38', 'Clearly lay understand hair.'),
(1547634846, 'CwfGLm7NPEy', '2024-09-06 22:18:29', 'Suggest serious message build painting.'),
(634912408, 'C6J04qvrCoO', '2024-01-22 15:13:42', 'Million guy garden kid character everybody stage actually third.'),
(634912408, 'C41wzeRCFKS', '2024-08-19 13:26:36', 'Indicate range likely century.'),
(1624141808, 'C2k2yedIVQ5', '2024-07-27 08:39:24', 'Conference effect fund fight hold.'),
(1624141808, 'C6OQIAni9pm', '2024-01-28 10:18:11', 'Mind store democratic state common course spring blood car protect.'),
(1582907522, 'C6OQIAni9pm', '2024-10-10 19:12:56', 'Middle throw seat now then girl.'),
(3209477045, 'C5g0Qo9N-MH', '2024-12-20 11:51:27', 'Garden quality hair agent.'),
(628942645, 'C5eBglcIiIv', '2024-04-17 17:45:50', 'Bar group within.'),
(241466858, 'C5oyLbusD2P', '2024-07-21 07:35:08', 'Wear experience ok course this possible amount first any.'),
(634912408, 'C6JyB4ENdQr', '2024-04-08 22:10:38', 'Buy line tend mother major.'),
(1097161420, 'CvIjh9btpjl', '2024-04-27 14:21:50', 'Be southern explain Mr wonder buy onto.'),
(1547634846, 'C5kufl_CP1g', '2024-10-25 13:38:43', 'Need stage me box tree risk.'),
(3209477045, 'C5kufl_CP1g', '2024-04-16 23:26:46', 'Easy start minute create edge game.'),
(734278111, 'C1yAr1ICROe', '2024-12-10 09:42:46', 'Resource color major guy most fly.'),
(1097161420, 'C3GGvtxtxX2', '2024-09-28 04:34:58', 'Officer lawyer.'),
(628942645, 'C1xjhTpCJSY', '2024-01-20 08:54:51', 'Song manager eye result huge else within.'),
(1582907522, 'C5wKM1es2h1', '2024-12-06 08:10:25', 'Image drive between the last identify arrive simple enough.'),
(634912408, 'C5eBglcIiIv', '2024-03-19 09:48:31', 'Feel door general deal system.'),
(3209477045, 'CwfGLm7NPEy', '2024-09-01 20:35:32', 'Themselves risk color perhaps eat.'),
(1582907522, 'C5b4027xVsc', '2024-12-05 07:38:31', 'Need child pass series pass.'),
(1547634846, 'C2m0Qiboe7c', '2024-04-23 02:06:17', 'Store news ask agree center political show participant staff dog fill ability over.'),
(1582907522, 'C2k2yedIVQ5', '2024-02-06 09:10:05', 'Quickly around manager them coach relationship.'),
(1097161420, 'C4bVT0Jx3sf', '2024-03-05 20:42:12', 'Pass discussion enough six purpose.'),
(737987822, 'CwfGLm7NPEy', '2024-10-27 06:47:00', 'Big information.'),
(737987822, 'C2k2yedIVQ5', '2024-03-18 13:51:05', 'Huge.'),
(1582907522, 'C1-D7vyNuNn', '2024-03-08 03:07:00', 'Board wall man move.'),
(628942645, 'C6JyB4ENdQr', '2024-07-23 08:27:33', 'Report trial.'),
(1582907522, 'C4bVT0Jx3sf', '2024-06-09 07:13:41', 'Hundred could walk return.'),
(737987822, 'C2m0Qiboe7c', '2024-03-25 04:24:31', 'Single new foot provide represent new spend culture.'),
(1624141808, 'C5oyLbusD2P', '2024-03-05 14:21:27', 'Standard report those arrive.'),
(634912408, 'CwfGLm7NPEy', '2024-04-14 08:11:23', 'Goal attention professional whether Mrs home.'),
(1624141808, 'CwfGLm7NPEy', '2024-02-22 05:27:08', 'Wind forget security training.'),
(1097161420, 'C560IKNMyqj', '2024-07-09 21:03:23', 'Science impact start ready back.'),
(3209477045, 'C6G54suIabL', '2024-07-04 11:21:52', 'Short participant north face hotel beautiful.'),
(241466858, 'C6OQIAni9pm', '2024-02-22 08:19:50', 'Outside professional build.'),
(1097161420, 'C5JS-WituL_', '2024-05-24 22:26:12', 'Help away clear chair sister then.'),
(634912408, 'C1yAr1ICROe', '2024-12-09 14:22:03', 'Down nice provide reach.'),
(3209477045, 'C560IKNMyqj', '2024-01-01 19:59:22', 'Song live prove more.'),
(1547634846, 'C1z-pepitKK', '2024-07-23 15:26:45', 'Consider.'),
(241466858, 'C1-D7vyNuNn', '2024-06-25 08:36:49', 'Attention lead stock to such.'),
(628942645, 'C6G54suIabL', '2024-03-13 04:06:21', 'Watch describe learn which area after.');


INSERT INTO DIRECTMESSAGES VALUES
(1624141808, 634912408, 'Low century rule community any financial one which peace three region different.', '2024-09-05 13:21:49'),
(1097161420, 734278111, 'Actually become real base computer several sure mission particularly understand responsibility politics church.', '2024-09-19 19:39:23'),
(1547634846, 634912408, 'Source score example itself work together.', '2024-05-24 06:06:44'),
(1547634846, 241466858, 'World wife difference together enjoy.', '2024-05-09 19:34:01'),
(1547634846, 1097161420, 'There allow still ball interest choose born party that must offer action.', '2024-03-03 09:26:01'),
(241466858, 734278111, 'Third seven sort.', '2024-12-19 15:58:26'),
(1547634846, 3209477045, 'His TV memory strategy kind show case support better until top.', '2024-06-16 11:38:22'),
(1582907522, 1624141808, 'Factor determine himself.', '2024-06-24 17:02:07'),
(3209477045, 1582907522, 'People letter meet top material thought hospital center red watch well social build network this enjoy national if student.', '2024-11-11 13:16:48'),
(737987822, 3209477045, 'Total leg late bill half later decide around door.', '2024-05-11 01:57:59'),
(628942645, 1547634846, 'Explain class force together difficult chair show onto early along.', '2024-06-17 05:05:17'),
(634912408, 1624141808, 'Hold direction huge together that price quite capital.', '2024-03-22 00:53:42'),
(1097161420, 737987822, 'Yet raise rather sound campaign authority market allow kind three term then information one between action.', '2024-09-26 11:28:35'),
(1624141808, 1582907522, 'Coach some project maintain explain cultural help interview.', '2024-05-15 07:11:14'),
(734278111, 1582907522, 'Accept yard property magazine health myself cut.', '2024-10-01 04:28:16'),
(634912408, 628942645, 'Sea sure reduce lawyer would executive result thought federal outside before a.', '2024-01-20 15:55:30'),
(1097161420, 3209477045, 'Top half it laugh analysis yeah movement amount until.', '2024-10-27 08:36:48'),
(737987822, 1582907522, 'Need land goal although note.', '2024-05-13 06:32:11'),
(734278111, 1097161420, 'Season election everything when past several long team deal effect model edge discover.', '2024-07-14 06:03:31'),
(628942645, 634912408, 'Especially three computer team medical.', '2024-03-16 15:49:34');


INSERT INTO STORIES VALUES
('C1yAr1ICROe', 1097161420,'2024-01-07 01:57:22', 'https://instagram.frba2-2.fna.fbcdn.net/v/t51.29350-15/417752182_1804245696667839_1116198547693372107_n.jpg?stp=dst-jpg_e35_s1080x1080&_nc_ht=instagram.frba2-2.fna.fbcdn.net&_nc_cat=103&_nc_ohc=TJfCd8XJZp0Q7kNvgGAScIz&edm=AOQ1c0wBAAAA&ccb=7-5&ig_cache_key=MzI3NDY4Mjg3ODYyNTgxMjkxNw%3D%3D.2-ccb7-5&oh=00_AfBnGify-wE3E0rFg8L011SzcavXFLzJvJ_YCtCfjtJg-A&oe=6637F53D&_nc_sid=8b3546', '١-حبل الكذب قصير …راه قلت لك كتكذبي الكذبه وتيقيها وتكذبيها على الناس حيت ماشي الكل عنده دراية بالقانون ،نمشي معك بخوشيبات ملي كتمشي ديري شكاية عندالشرطة اشكيديرو كيستامعو لك ؟ فاش وكيفاش ؟ كيديرو محضر استماع ، اوا  هذا لي نزلت شنو اسمو؟ سميتو محضر استماع للمسماة سعيدة شرف  وهذا دليل على كذبك انه شكاية كانت بالحساب فقط ،إذ يتبين لنا بمحضر الفرقة الوطنية انها تشير بأصابع الاتهام لدنيا بطمة شخصيا واختها ابتسام بطمة ،كفاك كذب وبهتان وطغيان وتحريض وخبث وتضليل الرأي العام اتضحت الصورة للشعب المغربي واخيرا تنازلك لا يهمني ولا يعنيني، (وملي مكينش شكاية علاياش باغا تنازلي😄).
٢- الحكم الصادر بالمحكمة الابتدائية ومحكمة الاستئناف قرر عدم مؤاخذتي واختي بككككل ما يتضمنه حساب حمزه مون بيبي  اي لسنا الا من قريب ولا من بعيد أصحاب  الحساب ولا نتوفر على القن السري (mot de passe ) وهواتفنا لا تتوفر على أي دليل دخول الحساب ولا ابتزاز ولا صور أناس ولا تشهير ولا تهديد وبهذا البراءة من الحساب والادانة بشهادة الزور وحسبي الله ونعم الوكيل 🙏🏻❤️
وأخيرا بعد هذه الازمه اكتسبت حبكم وتقديركم ودعمكم الذي لا يقدر بثمن احبكم ولاد وبنات بلادي ❤️‍🔥'),
('C1xjhTpCJSY', 1097161420,'2024-01-06 21:42:55', 'https://instagram.frba2-2.fna.fbcdn.net/v/t51.29350-15/416851698_376771531570407_800583093138609323_n.jpg?stp=dst-jpg_e35&_nc_ht=instagram.frba2-2.fna.fbcdn.net&_nc_cat=103&_nc_ohc=1fJAXf-f4AgQ7kNvgFwi0a7&edm=AOQ1c0wBAAAA&ccb=7-5&oh=00_AfAWe75BCh56ckhUznZ5fOMpijs4ot289AegcuFX2R-1Ig&oe=66341A8A&_nc_sid=8b3546', 'شكرا لكل المغاربة شكرا للصفحات المغربية على وقفتكم شكرا لكل الشعوب العربية شكرا للجالية المغربية على وقفتكم معايا شكرا للقضاء المغربي على تبرئتنا من حساب حمزه مون بيبي والله ياخذ الحق في اصحاب المؤامرة والفتنة والله ينصر سيدنا 😭😭🇲🇦🇲🇦🇲🇦 ##الله_الوطن_الملك #عاش_الملك #الله_ينصر_سيدنا'),
('C1z-pepitKK', 1097161420,'2024-01-07 20:22:15', 'https://instagram.frba2-1.fna.fbcdn.net/v/t51.29350-15/417947308_910534463952407_7337730755528815517_n.jpg?stp=dst-jpg_e15&_nc_ht=instagram.frba2-1.fna.fbcdn.net&_nc_cat=111&_nc_ohc=IgKY8ARE5jgQ7kNvgHDOt8d&edm=AOQ1c0wBAAAA&ccb=7-5&oh=00_AfBY2kbd0Vspe7sIHsmYlDL2gBthHPXH3XUK1-zpjcTguA&oe=66340352&_nc_sid=8b3546', 'شكرا أستاذ الشرع ، وهذا منطوق الحكم  الإستئنافي أننا لسنا اصحاب او وراء  حساب حمزه مون بيبي ولا نتوفر على القن السري (mot de passe ) ولا كلمة فوق كلمة القضاء ،الحق يعلو ولا يعلى عليه ✌🏻'),
('C6OQIAni9pm', 1097161420,'2024-04-26 11:16:36', 'https://instagram.frba3-1.fna.fbcdn.net/v/t51.29350-15/440224537_752014903708428_4003860599208449433_n.webp?stp=dst-jpg_e35&_nc_ht=instagram.frba3-1.fna.fbcdn.net&_nc_cat=100&_nc_ohc=hByTWNdTmK0Q7kNvgE-fJ5x&edm=AOQ1c0wBAAAA&ccb=7-5&ig_cache_key=MzM1NDY4OTY5MTYwMTA2NjU5OA%3D%3D.2-ccb7-5&oh=00_AfC_Xan-9U-ll0izh-RUCSojwXuPKJSaOGdTTYQhpO6S_Q&oe=6637F1B9&_nc_sid=8b3546', 'اللهم فرج همها وانصرها يا أرحم الراحمين 💔🙏🏻
#كلنا_دنيا_بطمة 
#المغرب_مغربنا 
#الله_ينصر_سيدنا 
#الله_الوطن_الملك 
#دنيا_بطمه'),
('C5oPdTHNmnN', 1097161420,'2024-04-11 16:59:38', 'https://instagram.frba3-2.fna.fbcdn.net/v/t51.29350-15/436409372_1628094777964857_5464274860891682971_n.jpg?stp=dst-jpg_e35_s1080x1080&_nc_ht=instagram.frba3-2.fna.fbcdn.net&_nc_cat=109&_nc_ohc=4fnZI6-Vj_QQ7kNvgEgDdAe&edm=AOQ1c0wBAAAA&ccb=7-5&ig_cache_key=MzM0Mzk5MDcwMDE1MDk0MjgwNw%3D%3D.2-ccb7-5&oh=00_AfA1wy19QUXcA-ubuPjHyaPszfciUOxbCzErfKL6MQ5sSg&oe=6637E297&_nc_sid=8b3546', 'ما شاء الله ❤️

@gazal.lailarose.batma 
@marielle_kids.ma 
@lina_agdour'),
('C5l00iJR0nX', 1582907522,'2024-04-10 18:30:05', 'https://instagram.frba3-1.fna.fbcdn.net/v/t51.29350-15/437590499_1521546095095572_6158878980257932185_n.jpg?stp=dst-jpg_e15&_nc_ht=instagram.frba3-1.fna.fbcdn.net&_nc_cat=100&_nc_ohc=J-aEPpUC7EcQ7kNvgHm_7dm&edm=AOQ1c0wBAAAA&ccb=7-5&oh=00_AfC9hy0aHsBdKhk3sKzqMev8BkzEZZVkyx9xrBc9Sd-bfg&oe=66341A1A&_nc_sid=8b3546', 'عيد مبارك سعيد 🙏🏻🌸
قفطاني من @ikramsbaiticouture 
طبيلتي من @decor_online19'),
('C5b4027xVsc', 1582907522,'2024-04-06 21:50:59', 'https://instagram.frba3-1.fna.fbcdn.net/v/t51.29350-15/435583673_1587101528753076_7206943984888614652_n.jpg?stp=dst-jpg_e35_p1080x1080&_nc_ht=instagram.frba3-1.fna.fbcdn.net&_nc_cat=100&_nc_ohc=6SXa6ii2Z10Q7kNvgFv_U-a&edm=AOQ1c0wBAAAA&ccb=7-5&ig_cache_key=MzM0MDUxMzQ2MzQ3Mzk0MzAyMQ%3D%3D.2-ccb7-5&oh=00_AfD9fdPDqUK7mPLlB6uLaANF7-g_nriaVt2bMcJdjmw-Aw&oe=66380F95&_nc_sid=8b3546', 'حبيبة روحي 🫶🏻🤍
قفطان من عند الحبيبة @ikramsbaiticouture 👏🏻'),
('C4bVT0Jx3sf', 1582907522,'2024-03-12 20:09:15', 'https://instagram.frba2-1.fna.fbcdn.net/v/t51.29350-15/432026698_406157611971611_4062503758125362781_n.jpg?stp=dst-jpg_e35_p1080x1080&_nc_ht=instagram.frba2-1.fna.fbcdn.net&_nc_cat=111&_nc_ohc=ifisvAT3ZxYQ7kNvgEUmR7L&edm=AOQ1c0wBAAAA&ccb=7-5&ig_cache_key=MzMyMjM0Mjg2NjcwOTQzMDg1Ng%3D%3D.2-ccb7-5&oh=00_AfAcHU5Elr8BEuVLv99X0IpwT1O9VCmbDg2-DFWvpNW1fw&oe=66381266&_nc_sid=8b3546', 'RAMADAN KARIM 🌙🤍'),
('C3YIcDruthr', 1582907522,'2024-02-15 17:47:39', 'https://instagram.frba2-1.fna.fbcdn.net/v/t51.29350-15/427512359_1210668506436139_3366485879955386919_n.jpg?stp=dst-jpg_e35_p1080x1080&_nc_ht=instagram.frba2-1.fna.fbcdn.net&_nc_cat=107&_nc_ohc=DN-KhEOsrB0Q7kNvgE6-oOj&edm=AOQ1c0wBAAAA&ccb=7-5&ig_cache_key=MzMwMzQyNzQzMjI5NTA4ODMxMg%3D%3D.2-ccb7-5&oh=00_AfCjjeBPSBd3-REoijDn4yT5ei6bsnNWlDP8fG05qDgmWQ&oe=6637EF9E&_nc_sid=8b3546', 'Hello Montréal ❄️🤍'),
('C1-D7vyNuNn', 1582907522,'2024-01-11 18:20:53', 'https://instagram.frba3-2.fna.fbcdn.net/v/t51.29350-15/418074677_1566611710837734_5239029256582640099_n.jpg?stp=dst-jpg_e15&_nc_ht=instagram.frba3-2.fna.fbcdn.net&_nc_cat=106&_nc_ohc=lvERmsiL84QQ7kNvgFHxUW3&edm=AOQ1c0wBAAAA&ccb=7-5&oh=00_AfBhfbSu1ykRJKPZPxC7_fAWXgwdhjoAFUJdGcEa5l1_ew&oe=6633EA21&_nc_sid=8b3546', 'الحمدلله حمدا كثيرا ، اللهم كتبها لكل مشتاق 🕋🤍'),
('C2m0Qiboe7c', 734278111,'2024-01-27 14:10:32', 'https://instagram.frba3-1.fna.fbcdn.net/v/t51.29350-15/422664956_911049994032673_7987217650233401337_n.jpg?stp=dst-jpg_e35_p1080x1080_sh0.08&_nc_ht=instagram.frba3-1.fna.fbcdn.net&_nc_cat=101&_nc_ohc=oNJuE-TqugIQ7kNvgGYRzyW&edm=AOQ1c0wBAAAA&ccb=7-5&oh=00_AfC2yqCe7QN8j34C_HJF-McYkf_vJIMoXfw0nUq9xe9cJw&oe=66340D4E&_nc_sid=8b3546', 'لقاء مع وزير السياحة الإفواري ♥️🇲🇦🇨🇮
📽️ @sabirusef'),
('C49AnZ5og8g', 734278111,'2024-03-25 22:03:21', 'https://instagram.frba3-1.fna.fbcdn.net/v/t51.29350-15/434396962_700485105365256_4574184247155417680_n.jpg?stp=dst-jpg_e15_fr_p1080x1080&_nc_ht=instagram.frba3-1.fna.fbcdn.net&_nc_cat=100&_nc_ohc=ZA8PclwF_V0Q7kNvgFq3HYG&edm=AOQ1c0wBAAAA&ccb=7-5&oh=00_AfCLEOrpw2hpH4cmWuzA9d0Ge6gmd3-r4eE1GsqJZXj1tg&oe=663414AC&_nc_sid=8b3546', 'تجربة دازت واعرة بزاااف فأجي تهضم ، و كنبغي نشكرهم حيت عطاوني هاد الفرصة نجرب إكستري صغير من السبيكطاكل ، و شكرااا جمهور الرباااط على الحب و البارح و شكرااا حتا الفنانة لي تقاسمت معاهم الخشبة لبارح ♥️ شكرااا و شكراا ليكم نتوما لي كنتو معايا مور التيليفون بقلبكم ♥️
القادم أفضل إن شاء الله ♥️

Organisation : @festival.ajithdm @lesinqualifiables 
🎦 : @talata.studio'),
('C5g0Qo9N-MH', 737987822,'2024-04-08 19:56:20', 'https://instagram.frba2-1.fna.fbcdn.net/v/t51.29350-15/436278215_2254201491645197_4858740321509266397_n.jpg?stp=dst-jpg_e35_p1080x1080_sh0.08&_nc_ht=instagram.frba2-1.fna.fbcdn.net&_nc_cat=105&_nc_ohc=rGo1yti-YCgQ7kNvgGb5DI8&edm=AOQ1c0wBAAAA&ccb=7-5&oh=00_AfDc4Rk0QOE4LzG1taTzayhGsL22E_vHKWG6p8gmIPiMyg&oe=663414EF&_nc_sid=8b3546', 'Qualité الأحلام تولي réalité !

Découvrez le nouveau REALME 12pro+ 📸

خلي تعليق تربح معانا الهاتف 🎁'),
('C5JS-WituL_', 737987822,'2024-03-30 16:49:49', 'https://instagram.frba3-1.fna.fbcdn.net/v/t51.29350-15/434856241_237986966004337_8327997533095074902_n.jpg?stp=dst-jpg_e15_fr_p1080x1080&_nc_ht=instagram.frba3-1.fna.fbcdn.net&_nc_cat=101&_nc_ohc=yU4dHIvOqtcQ7kNvgF6uIza&edm=AOQ1c0wBAAAA&ccb=7-5&oh=00_AfAha5JWv26l5fw_4Wx1s_6EKa-oKrqWEkxFLXqTM-xrHw&oe=6633F09A&_nc_sid=8b3546', 'Malikus Cook : Dessert biscuits Gooday 🍫 

Ingrédients : biscuit good day / vanille / crème fraîche / glace chocolat

Taguez trois amis + follow @fabis_algerie pour gagner un IPhone 15 🎁

Montage : @mestiich 📹'),
('C3GGvtxtxX2', 737987822,'2024-02-08 17:46:32', 'https://instagram.frba2-1.fna.fbcdn.net/v/t51.29350-15/425690111_329619586734797_6035238280784384564_n.jpg?stp=dst-jpg_e35_p1080x1080&_nc_ht=instagram.frba2-1.fna.fbcdn.net&_nc_cat=105&_nc_ohc=Twc_fktvkNYQ7kNvgEbu1Y3&edm=AOQ1c0wBAAAA&ccb=7-5&ig_cache_key=MzI5ODM1MzQ0MTMxNDEwMzM5OA%3D%3D.2-ccb7-5&oh=00_AfAJ3M5pq9_PhkL7lakHSyyY-q3eCn_5qWXMQFkuOV-0Vw&oe=6637F34B&_nc_sid=8b3546', 'Les trois dans un film ? 🍿⭐️🇩🇿'),
('C25HapWNG_4', 737987822,'2024-02-03 16:42:16', 'https://instagram.frba2-1.fna.fbcdn.net/v/t51.29350-15/424513928_1056561078981199_4653769366853590034_n.jpg?stp=dst-jpg_e35_p1080x1080&_nc_ht=instagram.frba2-1.fna.fbcdn.net&_nc_cat=107&_nc_ohc=MsjGXNFpahYQ7kNvgF444wu&edm=AOQ1c0wBAAAA&ccb=7-5&ig_cache_key=MzI5NDY5NzIxNTg0MTYxMjIwNQ%3D%3D.2-ccb7-5&oh=00_AfDJz74cDxTZ0xPwMMcdOqX1JiJllKwtYaTGdauitvqSpQ&oe=6637E797&_nc_sid=8b3546', 'Budapest 🇭🇺🍊'),
('CwfGLm7NPEy', 241466858,'2023-08-28 11:04:18', 'https://instagram.frba2-2.fna.fbcdn.net/v/t51.2885-15/370733764_1057673898943568_1246665589442779821_n.jpg?stp=dst-jpg_e15&_nc_ht=instagram.frba2-2.fna.fbcdn.net&_nc_cat=108&_nc_ohc=Qqh40IIN_2IQ7kNvgHGkXUL&edm=AOQ1c0wBAAAA&ccb=7-5&oh=00_AfDcy4QtsMLGWRbIObQAK75cv5q1xhRXY7B0r_dSnVxZcQ&oe=66340010&_nc_sid=8b3546', 'تصوير الحبايب من عين المكان ♥️
شكرا @spotify @spotifyarabia @rotanamusic'),
('CvIjh9btpjl', 241466858,'2023-07-25 20:25:23', 'https://instagram.frba2-2.fna.fbcdn.net/v/t39.30808-6/363382212_18371228167058859_1972345436671136920_n.jpg?stp=dst-jpg_e35_p1080x1080_sh0.08&_nc_ht=instagram.frba2-2.fna.fbcdn.net&_nc_cat=103&_nc_ohc=RtUZB7w9Cy0Q7kNvgGxEdWg&edm=AOQ1c0wAAAAA&ccb=7-5&ig_cache_key=MzE1NDkyNzgwNDMwNjg1NjE2NQ%3D%3D.2-ccb7-5&oh=00_AfC5WCEJgOildAEDzunDmH8Wp7rYszx-8-loO2xrbqyMDw&oe=6637E939&_nc_sid=8b3546', 'Happy birthday to me 🎉🎊🎂🎈🎈🎈🎂🎂🎂🎊🎊🎊 
25 jul ♥️♥️♥️'),
('C6a9EIlNlux', 241466858,'2024-05-01 09:40:10', 'https://instagram.frba3-2.fna.fbcdn.net/v/t51.29350-15/440737481_401274912754259_8935997565398175803_n.jpg?stp=dst-jpg_e35_p1080x1080&_nc_ht=instagram.frba3-2.fna.fbcdn.net&_nc_cat=1&_nc_ohc=fScqYU7bf3gQ7kNvgHrZ23b&edm=AOQ1c0wBAAAA&ccb=7-5&ig_cache_key=MzM1ODI2NTAzMTI4MjYyNDkyMg%3D%3D.2-ccb7-5&oh=00_AfCbW4mYoVJd_LzZHJ5PaR7IShlXl8tuZCqu8y_SrWO86Q&oe=6637F10E&_nc_sid=8b3546', 'إنا لله و إنا إليه راجعون 😢 أسلمت الروح إلى بارئها . وداعا صديقي ورفيق المشوار و الدرب 😢😢😢 إن العين تدمع والقلب يحزن، ولا نقول إلا ما يرضي ربنا، وإنا لفراقك يا (أحمد هبيشة) لمحزونون . 
وداعا المايسترو و أحد أمهر عازفي الكمان الفنان صاحب الابتسامة و القلب الطيب أحمد هبيشة 😢😢😢😢'),
('C2k2yedIVQ5', 1547634846,'2024-01-26 19:53:03', 'https://instagram.frba3-2.fna.fbcdn.net/v/t51.29350-15/422801654_1079958849777034_8508866351524570747_n.jpg?stp=dst-jpg_e15&_nc_ht=instagram.frba3-2.fna.fbcdn.net&_nc_cat=110&_nc_ohc=IrtX03zToBcQ7kNvgF_HT06&edm=AOQ1c0wBAAAA&ccb=7-5&oh=00_AfCYQCUNu-on0RWQ1I3l3jUgCg-gLKrs1uhFcMQyZDTN0w&oe=6634117B&_nc_sid=8b3546', 'الزين تطواني😍 القلب كازاوي 🫀و العيون من بوجدور الشعر الفاسي المكناسي السالف المنظور المنظور المنظور و كيفك آيمًًّا من الناظور 🇲🇦
Share with me your Videos Enjoying this HIT 🔥'),
('C6J04qvrCoO', 1547634846,'2024-04-24 18:05:05', 'https://instagram.frba2-2.fna.fbcdn.net/v/t51.29350-15/439953900_891100856364639_3146363564254727566_n.jpg?stp=dst-jpg_e15_fr_p1080x1080&_nc_ht=instagram.frba2-2.fna.fbcdn.net&_nc_cat=103&_nc_ohc=hHqP6XG1kUEQ7kNvgEuQmz7&edm=AOQ1c0wBAAAA&ccb=7-5&oh=00_AfCWMU5lnU9xDOBcmMOmW2fjE-1bNAqyR3OWhZRBKRJySw&oe=6633E7E1&_nc_sid=8b3546', 'يتخلّي عليا بلاش✨'),
('C560IKNMyqj', 628942645,'2024-04-18 22:06:23', 'https://instagram.frba3-2.fna.fbcdn.net/v/t51.29350-15/438994253_1484314849108722_7541093316572280483_n.jpg?stp=dst-jpg_e15&_nc_ht=instagram.frba3-2.fna.fbcdn.net&_nc_cat=106&_nc_ohc=FkuRsddZyAEQ7kNvgGeOyry&edm=AOQ1c0wBAAAA&ccb=7-5&oh=00_AfCpSewyYxvySrD1A8P_JFp_GCVed9igItyax0RS9T9u6w&oe=66340929&_nc_sid=8b3546', 'Nuevo tema disponible en el canal de mi hermano @blokecon ft @delarue 💪💪❤️🔥'),
('C5wKM1es2h1', 628942645,'2024-04-14 18:47:37', 'https://instagram.frba3-2.fna.fbcdn.net/v/t51.29350-15/437134589_401946099366238_5921101455631045186_n.jpg?stp=dst-jpg_e35_p1080x1080&_nc_ht=instagram.frba3-2.fna.fbcdn.net&_nc_cat=110&_nc_ohc=wDLPgTpzQLcQ7kNvgHYJx_A&edm=AOQ1c0wBAAAA&ccb=7-5&ig_cache_key=MzM0NjIxOTM3OTUwOTQ1NDcxMA%3D%3D.2-ccb7-5&oh=00_AfA4cSoSrXtl2q25Bpt3pnvS15L4TuQCA7A0idqPRrUvZA&oe=6637F479&_nc_sid=8b3546', 'Morad: gracias a todos por el apoyo a la cancion. Yo no uso mis redes sociales, por eso no puedo responder a mis amigos y a la gente que me escucha; muchas gracias por el apoyo💪💪

Esta semana nueva musica, y asi sin parar. 

Viene un verano MDLR nos vemos en los conciertos pronto, un abrazo!!❤️❤️❤️'),
('C5oyLbusD2P', 628942645,'2024-04-11 22:03:01', 'https://instagram.frba2-2.fna.fbcdn.net/v/t51.29350-15/437081212_482720140853960_413611793884509675_n.jpg?stp=dst-jpg_e15&_nc_ht=instagram.frba2-2.fna.fbcdn.net&_nc_cat=108&_nc_ohc=Gi87VbrFOcUQ7kNvgHPiqMh&edm=AOQ1c0wBAAAA&ccb=7-5&oh=00_AfCEzynd3N3Fol5BNKatrUO4aHo9lTziXqevaiYLN9SGbw&oe=6633EE64&_nc_sid=8b3546', 'Habeis hablado todos ya? Ahora me toca a mi😁💪❤️ CONTENTO EN TODOOS LADOS🔥🔥🔥BUSCALA YAAA'),
('C5gjjv9sGSy', 628942645,'2024-04-08 17:21:21', 'https://instagram.frba2-2.fna.fbcdn.net/v/t51.29350-15/436701179_7494494850638552_8107596773178920126_n.jpg?stp=dst-jpg_e35_p1080x1080&_nc_ht=instagram.frba2-2.fna.fbcdn.net&_nc_cat=108&_nc_ohc=3jr3O1NXY30Q7kNvgH4nQ27&edm=AOQ1c0wBAAAA&ccb=7-5&ig_cache_key=MzM0MTgyNzMwMzU5ODYxMjI3OQ%3D%3D.2-ccb7-5&oh=00_AfDxogmtkT7YRFT0BsDmktXn4c6F-84AOMP6sLoYx3ggSw&oe=6637FBEA&_nc_sid=8b3546', 'Este jueves volvemos, demasiado descanso😮‍💨😮‍💨'),
('C4XsQFwsQgo', 628942645,'2024-03-11 10:12:45', 'https://instagram.frba3-2.fna.fbcdn.net/v/t51.29350-15/432322626_1424997055056142_2180060262307745921_n.jpg?stp=dst-jpg_e35_p1080x1080&_nc_ht=instagram.frba3-2.fna.fbcdn.net&_nc_cat=110&_nc_ohc=rGyKu7UC6BUQ7kNvgG1Ppbs&edm=AOQ1c0wBAAAA&ccb=7-5&ig_cache_key=MzMyMTMxNzg2OTk1Mjc2Mzk0NA%3D%3D.2-ccb7-5&oh=00_AfBmxz_GoR6nCIbOaVkRjKdwafTZtX6xblCRZMKY0GdpPQ&oe=66380F06&_nc_sid=8b3546', 'Ramadan mubarak para todos mis hermanos y hermanas musulmanes, este mes ya sabeis no habrá salidas de musica ni nada, espero que podáis disfrutarlo con la familia o vuestras personas queridas y sobretodo este año recordar todos los rezos para nuestros hermanos palestinos que este ramadan va ser el mas duro para ellos mucha fuerza ……… Y porfavor, no dejeis llevaros de tik tok y tonterias, llevaros de vuestra propia fe…. Feliz ramadan a todos y si alguno no tiene donde ir a comer o lo que sea ya sabéis en mi barrio sois todos bienvenidos
FREE PALESTINA!! 🇵🇸'),
('C6JyB4ENdQr', 634912408,'2024-04-24 17:36:39', 'https://instagram.frba3-1.fna.fbcdn.net/v/t39.30808-6/440126648_18437496622032409_6919275515409571811_n.jpg?stp=dst-jpg_e35_s1080x1080_sh0.08&_nc_ht=instagram.frba3-1.fna.fbcdn.net&_nc_cat=101&_nc_ohc=dFHrwgWYi-4Q7kNvgEse6l9&edm=AOQ1c0wAAAAA&ccb=7-5&ig_cache_key=MzM1MzQzMTQyODc5OTI1NTU5NQ%3D%3D.2-ccb7-5&oh=00_AfBghTgzj170CwftToXr6Qp9j6f6IyXI9a4uNg_Rc1aNIA&oe=6637EA8F&_nc_sid=8b3546', 'متشوقة نشوفكم ونغنيو بمهرجان البهجة للموسيقى بمدينة مراكش بساحة الفنا يوم :
5 ماي 
😍🫶🏻 @mjccgov'),
('C5kufl_CP1g', 3209477045,'2024-04-10 08:13:52', 'https://instagram.frba2-1.fna.fbcdn.net/v/t51.29350-15/437570172_304880949126074_1895888642747083923_n.jpg?stp=dst-jpg_e35_p1080x1080&_nc_ht=instagram.frba2-1.fna.fbcdn.net&_nc_cat=102&_nc_ohc=gpUyda0WSKIQ7kNvgHaXrqe&edm=AOQ1c0wBAAAA&ccb=7-5&ig_cache_key=MzM0MzAwMTMwNDY0NTA0MTUwNA%3D%3D.2-ccb7-5&oh=00_AfCJJtfsjWqTU5y88URnj_PRLNKemM_zzzdYyiSOCQDNlQ&oe=6637DD7B&_nc_sid=8b3546', 'Eid mubarak❤️ taqabbal Allahu minna wa minkum🤲🏻🙏🏻'),
('C41wzeRCFKS', 3209477045,'2024-03-23 02:29:45', 'https://instagram.frba3-2.fna.fbcdn.net/v/t51.29350-15/432966224_457059907008306_3023251392815341075_n.jpg?stp=dst-jpg_e35_s1080x1080&_nc_ht=instagram.frba3-2.fna.fbcdn.net&_nc_cat=106&_nc_ohc=i7V-JLyzewIQ7kNvgHPQ5cs&edm=AOQ1c0wBAAAA&ccb=7-5&ig_cache_key=MzMyOTc4MjEyOTAyNjA2ODY1NA%3D%3D.2-ccb7-5&oh=00_AfCBqbknJZkpo1YYgGAenLA1w6lgwTmuIYU9NK6UqJE5jw&oe=66380A05&_nc_sid=8b3546', 'Thanks for the support! 🇲🇦❤️'),
('C6G54suIabL', 1624141808,'2024-04-23 14:57:36', 'https://instagram.frba3-2.fna.fbcdn.net/v/t51.29350-15/440621658_750871180181926_3979660441130349377_n.jpg?stp=dst-jpg_e35_p1080x1080_sh0.08&_nc_ht=instagram.frba3-2.fna.fbcdn.net&_nc_cat=110&_nc_ohc=NQDneOb11vkQ7kNvgGUVRmc&edm=AOQ1c0wBAAAA&ccb=7-5&oh=00_AfC_fM8izYmIAg2mIRfpTZNP-lQmfBY80IaBTwjLqL71aQ&oe=6633FFD3&_nc_sid=8b3546', '٩١١ بليز🤏🏽'),
('C5wJnM3oPzH', 1624141808,'2024-04-14 18:42:29', 'https://instagram.frba3-2.fna.fbcdn.net/v/t51.29350-15/437290986_7349314611830746_6577834627232287339_n.jpg?stp=dst-jpg_e35_p1080x1080&_nc_ht=instagram.frba3-2.fna.fbcdn.net&_nc_cat=110&_nc_ohc=0Puk88VLtNYQ7kNvgHeDFS8&edm=AOQ1c0wBAAAA&ccb=7-5&ig_cache_key=MzM0NjIxNjc4OTM4MzE3MDA3OA%3D%3D.2-ccb7-5&oh=00_AfDzCeqsAbn8zUSkyxDWHSdPJi3KpS4o6rRC9NI1yDtU4g&oe=6638061A&_nc_sid=8b3546', 'من مقابلتي مع برنامج كلام نواعم 🤍
كان نقاش حاد عن السوشل ميديا مع الفنان احمد زاهر😂✨'),
('C5lgfFyoKzj', 1624141808,'2024-04-10 15:30:42', 'https://instagram.frba2-1.fna.fbcdn.net/v/t51.29350-15/435730103_450586184057759_8248623546816866763_n.jpg?stp=dst-jpg_e35_p1080x1080&_nc_ht=instagram.frba2-1.fna.fbcdn.net&_nc_cat=111&_nc_ohc=Ajne3OKCesoQ7kNvgEbVntq&edm=AOQ1c0wBAAAA&ccb=7-5&ig_cache_key=MzM0MzIyMTE2MjA1MTM1NTQ5OQ%3D%3D.2-ccb7-5&oh=00_AfAsBYDwg4PrdfZjdCfQHkq8cHGHaGh0iwrw9MQjVQzE5w&oe=6637E367&_nc_sid=8b3546', '🤍🩶'),
('C5eBglcIiIv', 1624141808,'2024-04-07 17:47:12', 'https://instagram.frba2-2.fna.fbcdn.net/v/t51.29350-15/440916985_446863981043619_8693925261793395822_n.jpg?stp=dst-jpg_e35_p1080x1080_sh0.08&_nc_ht=instagram.frba2-2.fna.fbcdn.net&_nc_cat=103&_nc_ohc=EBVGrAGoKH0Q7kNvgESZoYE&edm=AOQ1c0wBAAAA&ccb=7-5&oh=00_AfBJDgYn_iqBotiVEsOPjxYjmuRPOrKSgJ-xdcqH0nACzA&oe=6634079C&_nc_sid=8b3546', 'أيام صعبه..');


-- =====================================================================================================
-- =====================================================================================================
-- =====================================================================================================


INSERT INTO USER VALUES
(47855511623, 'ez.abde', 'ez.abde@gmail.com', '5j9TK', '🇲🇦' ,'Rabat' ,'https://instagram.frba3-2.fna.fbcdn.net/v/t51.2885-19/362890574_597644332543540_8743312849017065047_n.jpg?stp=dst-jpg_s320x320&_nc_ht=instagram.frba3-2.fna.fbcdn.net&_nc_cat=1&_nc_ohc=D2B0cxNceOcQ7kNvgH7HZyD&edm=AOQ1c0wBAAAA&ccb=7-5&oh=00_AfAMBVMxh9coHYCm6PHTLtFhQ8QyMmrOoYUKMFEJDUxu8A&oe=6638085C&_nc_sid=8b3546' ),
(1194179329, 'rajaabelmir', 'rajaabelmir@yahoo.com', 'Zusmt7TLd', 'Singer 🎤 🇲🇦
Booking : contactbelmirs1@gmail.com' ,'Casablanca' ,'https://instagram.frba3-2.fna.fbcdn.net/v/t51.2885-19/421894140_1089694382342949_3790138446069224859_n.jpg?stp=dst-jpg_s320x320&_nc_ht=instagram.frba3-2.fna.fbcdn.net&_nc_cat=1&_nc_ohc=9FbLRXmA00MQ7kNvgGQRUCp&edm=AOQ1c0wBAAAA&ccb=7-5&oh=00_AfAdCULe1V3cWoZQH-gV6oOAWBzdlfrnvAOglqFxzrHRQw&oe=6637F64B&_nc_sid=8b3546' ),
(288041214, 'omarbelmir', 'omarbelmir@gmail.com', '3rwMmkI', '𝐎𝐰𝐧𝐞𝐫 : @belmirs_hairstyle  
𝐁𝐨𝐨𝐤𝐢𝐧𝐠 : contactbelmirs1@gmail.com' ,'Rabat' ,'https://instagram.frba3-2.fna.fbcdn.net/v/t51.2885-19/440841181_3687173678189610_4993173946160031890_n.jpg?stp=dst-jpg_s320x320&_nc_ht=instagram.frba3-2.fna.fbcdn.net&_nc_cat=1&_nc_ohc=IWCWmxEYVT4Q7kNvgGpd1sb&edm=AOQ1c0wBAAAA&ccb=7-5&oh=00_AfCWnoxsj_syCm0wWuOW0mXyupn08M40fOw_4Nme85gs9w&oe=6637EC03&_nc_sid=8b3546' ),
(2213747526, 'ramezgalalac', 'ramezgalalac@gmail.com', 'CVtNAc', 'Egyptian Actor
أغنية تتر برنامج #رامز_جاب_من_الاخر
#RamezGalal #رامز_جلال' ,'Casablanca' ,'https://instagram.frba3-2.fna.fbcdn.net/v/t51.2885-19/431704788_1600516547452510_2288623470882450901_n.jpg?stp=dst-jpg_s320x320&_nc_ht=instagram.frba3-2.fna.fbcdn.net&_nc_cat=110&_nc_ohc=Ep8Cf5nikNsQ7kNvgFsk2Jn&edm=AOQ1c0wBAAAA&ccb=7-5&oh=00_AfC-X7Y0AHiqyhi9vn80nYv7d_GpTKptYZd_7F1UcqaLaQ&oe=6637F3B9&_nc_sid=8b3546' ),
(1473139425, 'mahmoudalhasanat', 'mahmoudalhasanat@gmail.com', 'Yr4y8RC', 'خادم المسلمين
عش ما شئت فإنك ميت ، وأحبب من شئت فإنك مُفارقه' ,'Rabat' ,'https://instagram.frba3-2.fna.fbcdn.net/v/t51.2885-19/366193730_1032618941236991_4399992533929712015_n.jpg?stp=dst-jpg_s320x320&_nc_ht=instagram.frba3-2.fna.fbcdn.net&_nc_cat=1&_nc_ohc=EgYaJ7e3rHYQ7kNvgGvPWK-&edm=AOQ1c0wBAAAA&ccb=7-5&oh=00_AfARv-FuRS44IISqglJ0BifAdpMPFwxL-bTF1j_UcGYibA&oe=6637F455&_nc_sid=8b3546' ),
(392599012, 'karimagouit', 'karimagouit@gmail.com', 'KvllYz', 'ⵣ 
ⴽⴰⵔⵉⵎⴰ
Actress, singer, mountain climber & sharing love 🇲🇦
Snapchat : karimagouit
Tassanou ✨ تاسانو ✨ ⵜⴰⵙⴰⵏⵓ 
👇🏻👇🏻👇🏻' ,'Casablanca' ,'https://instagram.frba3-2.fna.fbcdn.net/v/t51.2885-19/412607949_24558806790431234_3984595123472662495_n.jpg?stp=dst-jpg_s320x320&_nc_ht=instagram.frba3-2.fna.fbcdn.net&_nc_cat=1&_nc_ohc=cZoLCLEFQGsQ7kNvgGidk9S&edm=AOQ1c0wBAAAA&ccb=7-5&oh=00_AfDbQAH4SQ-MVYRhkH-V-WKxDrNw7h-nHZATL4nN1rlLUg&oe=6637FBD4&_nc_sid=8b3546' ),
(705783972, 'maiezzeldin', 'maiezzeldin@hotmail.com', 'DJHwklLO', 'Egyptian actress .                                                                   
                       Searching for pure souls & inner peace 🤍🕊' ,'Casablanca' ,'https://instagram.frba3-2.fna.fbcdn.net/v/t51.2885-19/414486647_362603623130808_3819755153013607836_n.jpg?stp=dst-jpg_s320x320&_nc_ht=instagram.frba3-2.fna.fbcdn.net&_nc_cat=1&_nc_ohc=nQVNGJzAPogQ7kNvgEzGpUv&edm=AOQ1c0wBAAAA&ccb=7-5&oh=00_AfBFDHp2F7qnSO49RpTdbL4bF3kIdxxScARqqIlSxuL1iw&oe=66380336&_nc_sid=8b3546' ),
(1537648049, 'habbatabdelillah', 'habbatabdelillah@hotmail.com', 'i6QkmpW', 'Videomaking account🎥 : @habbatvisual 
online coaching account : @teamhabbat
📪 Contact@habbatabdelillah.com' ,'Casablanca' ,'https://instagram.frba3-2.fna.fbcdn.net/v/t51.2885-19/362689257_1039818160730540_4986241385948069695_n.jpg?stp=dst-jpg_s320x320&_nc_ht=instagram.frba3-2.fna.fbcdn.net&_nc_cat=1&_nc_ohc=bfOVR2bjiK0Q7kNvgGFjhVx&edm=AOQ1c0wBAAAA&ccb=7-5&oh=00_AfAQjNG3hJwIHshpCbo9w9_PjJKwHllgPliHQRzJOEGY3g&oe=66381088&_nc_sid=8b3546' ),
(897281535, 'soolkingofficiel', 'soolkingofficiel@uit.ac.ma', 'G7sKTH', 'Snap: afjsool 👻
TIKTOK 🎥 : soolkinglevrais 
Twitter: Soolking (président)
TIKI TAKA💲Ft @sch ⬇️' ,'Rabat' ,'https://instagram.frba3-2.fna.fbcdn.net/v/t51.2885-19/399014138_1515257759236179_6231463023041808738_n.jpg?stp=dst-jpg_s320x320&_nc_ht=instagram.frba3-2.fna.fbcdn.net&_nc_cat=1&_nc_ohc=85Gy7IMVeLUQ7kNvgEuxWQv&edm=AOQ1c0wBAAAA&ccb=7-5&oh=00_AfArVPgDqE4VOLnlaIegNLHTljBZliSpZwhhvBxmQD3FIg&oe=6637EB0C&_nc_sid=8b3546' ),
(2186304237, 'badrbenoun13', 'badrbenoun13@hotmail.com', 'ACeyYxZk', '🇲🇦 Professional Football player At @qatarsportsclub 🟡
⚽️⚽️⚽️
(30/05/16 💍🔐) ( 29/08/17👶🏻 - 👶🏻12/11/2022 )' ,'Rabat' ,'https://instagram.frba2-1.fna.fbcdn.net/v/t51.2885-19/93820336_223808972186659_8138392439514726400_n.jpg?stp=dst-jpg_s320x320&_nc_ht=instagram.frba2-1.fna.fbcdn.net&_nc_cat=107&_nc_ohc=TPZNRgyoROYQ7kNvgGMgpCV&edm=AOQ1c0wBAAAA&ccb=7-5&oh=00_AfAR4rgQ38c1AUvOpEcNm0Lr4Mx66SejjiHtXb9xT-cp6w&oe=6637E383&_nc_sid=8b3546' ),
(409149677, 'saadlamjarred1', 'saadlamjarred1@hotmail.com', '5sSp9', 'Moroccan singer , writer , producer  🇲🇦' ,'Casablanca' ,'https://instagram.frba3-2.fna.fbcdn.net/v/t51.2885-19/439272719_779249917479841_8796143790364722701_n.jpg?stp=dst-jpg_s320x320&_nc_ht=instagram.frba3-2.fna.fbcdn.net&_nc_cat=1&_nc_ohc=mz959mtpPgUQ7kNvgEjsRxZ&edm=AOQ1c0wBAAAA&ccb=7-5&oh=00_AfAxd9fOeksq7onx3Y3OMZ4T61t0Bj30rWs-EQegm3sWIA&oe=6637DE35&_nc_sid=8b3546' ),
(965109348, 'hbirkousafae_officiel', 'hbirkousafae.officiel@gmail.com', '4PXkyL', '🇲🇦' ,'Casablanca' ,'https://instagram.frba3-2.fna.fbcdn.net/v/t51.2885-19/422826311_392486493327181_3661845441015280868_n.jpg?stp=dst-jpg_s320x320&_nc_ht=instagram.frba3-2.fna.fbcdn.net&_nc_cat=1&_nc_ohc=JWURq2xJcJYQ7kNvgEz7ixK&edm=AOQ1c0wBAAAA&ccb=7-5&oh=00_AfCmI35R08SZXeLUThvpW9zKmBH-ERhjpn7htSYiBxEXlg&oe=6637E08B&_nc_sid=8b3546' ),
(560202889, 'tahaessou', 'tahaessou@gmail.com', '7Q2Zdr9p', '' ,'Casablanca' ,'https://instagram.frba3-2.fna.fbcdn.net/v/t51.2885-19/58978635_348956942421317_1222220475510292480_n.jpg?stp=dst-jpg_s320x320&_nc_ht=instagram.frba3-2.fna.fbcdn.net&_nc_cat=1&_nc_ohc=N4Um-PHSOWcQ7kNvgE47low&edm=AOQ1c0wBAAAA&ccb=7-5&oh=00_AfAu-fSVeeJE2xSgmPO58EG9SV2mhzurBjpCuj9ABL2Kjg&oe=66380929&_nc_sid=8b3546' ),
(604373732, 'ihssanebenalluch', 'ihssanebenalluch@uit.ac.ma', 'eQvLm67to', '{ هَلْ جَزَاءُ الْإِحْسَانِ إِلَّا الْإِحْسَانُ }
Founder @net3awnu
Moroccan Activist / Journalist
📩 Contact my Team: 
contact@hisunmedia.net' ,'Casablanca' ,'https://instagram.frba3-1.fna.fbcdn.net/v/t51.2885-19/437264847_1648693642605936_6394733847974018911_n.jpg?stp=dst-jpg_s320x320&_nc_ht=instagram.frba3-1.fna.fbcdn.net&_nc_cat=100&_nc_ohc=GDKohBlqimwQ7kNvgFW94kK&edm=AOQ1c0wBAAAA&ccb=7-5&oh=00_AfBgaCWXCWoOS6UQJj5nZgYnHCuVsSMXUiwKq-M5UH9HIw&oe=6637F2A2&_nc_sid=8b3546' ),
(1772591035, 'reda_el_hammoudi', 'reda.el.hammoudi@gmail.com', '2yQcJJ6o', '🇲🇦 صفحة مغربية متنوعة 
📩 لإعلا_ناتكم تواصلو معنا عبر الخاص
.
.' ,'Rabat' ,'https://instagram.frba3-2.fna.fbcdn.net/v/t51.2885-19/429444511_866845445239737_3735699107108731055_n.jpg?stp=dst-jpg_s320x320&_nc_ht=instagram.frba3-2.fna.fbcdn.net&_nc_cat=1&_nc_ohc=cZzMHImFqmwQ7kNvgHiLCA4&edm=AOQ1c0wBAAAA&ccb=7-5&oh=00_AfCJzztF_h7BOHyu7HvX2r42_aYt4YAQV3cC3ujZs99rVQ&oe=6637E46B&_nc_sid=8b3546' ),
(351306652, 'simosedraty', 'simosedraty@yahoo.com', 'FE3XTXeRj', 'contact.sedraty@gmail.com
#machiMo2atir' ,'Casablanca' ,'https://instagram.frba3-2.fna.fbcdn.net/v/t51.2885-19/403321160_232742463005177_2319937911760774841_n.jpg?stp=dst-jpg_s320x320&_nc_ht=instagram.frba3-2.fna.fbcdn.net&_nc_cat=1&_nc_ohc=hWnYpvpBchYQ7kNvgHQewq1&edm=AOQ1c0wBAAAA&ccb=7-5&oh=00_AfDI8DWC6kU6ptx_YQ7HaZff0zQ22PBg2iHQHisSi9kHEg&oe=66380962&_nc_sid=8b3546' ),
(1550993292, 'manalbenchlikha', 'manalbenchlikha@uit.ac.ma', 'WI7Wx', 'ARABIAN HEARTBREAK 🗡️💔' ,'Casablanca' ,'https://instagram.frba3-2.fna.fbcdn.net/v/t51.2885-19/429454829_423290850268710_1804521546376149974_n.jpg?stp=dst-jpg_s320x320&_nc_ht=instagram.frba3-2.fna.fbcdn.net&_nc_cat=1&_nc_ohc=pkbgOJuyYmoQ7kNvgFCcjr1&edm=AOQ1c0wBAAAA&ccb=7-5&oh=00_AfBWwdm3cXaHGvup_FSviuTcdfEXc2-QHqmtnAk4zwQHgA&oe=663801F9&_nc_sid=8b3546' ),
(1636631418, 'hamadahelaleg', 'hamadahelaleg@gmail.com', '3Y3Wuy8Q', '‏أغنية الليلة👇' ,'Rabat' ,'https://instagram.frba3-2.fna.fbcdn.net/v/t51.2885-19/395263070_2204312053100853_3411439520277543810_n.jpg?stp=dst-jpg_s320x320&_nc_ht=instagram.frba3-2.fna.fbcdn.net&_nc_cat=1&_nc_ohc=5CkO0L1pahAQ7kNvgFuIXwD&edm=AOQ1c0wBAAAA&ccb=7-5&oh=00_AfAyTopW1HpaP0Si4N56qE7ouLF8T4BiyzqW3Clv_Y3UFQ&oe=66380726&_nc_sid=8b3546' ),
(1027793010, 'mustafahosnyofficial', 'mustafahosnyofficial@hotmail.com', 'hUWxe', 'الحساب الرسمي للداعية مصطفى حسني
#مصطفى_حسني #MustafaHosny' ,'Rabat' ,'https://instagram.frba3-2.fna.fbcdn.net/v/t51.2885-19/433131613_781071277232148_3181326982950583269_n.jpg?stp=dst-jpg_s320x320&_nc_ht=instagram.frba3-2.fna.fbcdn.net&_nc_cat=1&_nc_ohc=KXnD01p0hmgQ7kNvgGZnnP0&edm=AOQ1c0wBAAAA&ccb=7-5&oh=00_AfBdlFboQE1q3sa7SRMjhIpgYOBYWFoRH-n7TZERxv7J2w&oe=6637E30E&_nc_sid=8b3546' ),
(1025948224, 'munirhaddadi', 'munirhaddadi@uit.ac.ma', 'NRP95fO', '' ,'Rabat' ,'https://instagram.frba3-2.fna.fbcdn.net/v/t51.2885-19/314724362_102497399315082_474055146688644561_n.jpg?stp=dst-jpg_s320x320&_nc_ht=instagram.frba3-2.fna.fbcdn.net&_nc_cat=106&_nc_ohc=unPJ9n8K_CQQ7kNvgHtZ5pW&edm=AOQ1c0wBAAAA&ccb=7-5&oh=00_AfBk6SmNKz3U1tqoNl3ZTgH53bLaP-Doqws4rPr0IRm3uw&oe=6637ED9A&_nc_sid=8b3546' ),
(722118924, 'beinsports', 'beinsports@yahoo.com', 'IBd9E', 'الحساب الرسمي لقنوات beIN SPORTS 
في الشرق الأوسط وشمال أفريقيا
The Official Account for beIN SPORTS Channels in Middle East & North Africa' ,'Rabat' ,'https://instagram.frba3-2.fna.fbcdn.net/v/t51.2885-19/15803489_705801092928608_4468776947362562048_a.jpg?stp=dst-jpg_s320x320&_nc_ht=instagram.frba3-2.fna.fbcdn.net&_nc_cat=1&_nc_ohc=VX6Kbvlsft8Q7kNvgEU5e_Z&edm=AOQ1c0wBAAAA&ccb=7-5&oh=00_AfCknZYfaM-o2nZNRDDkD_700idkYedJaUQWW941CKranA&oe=66380C35&_nc_sid=8b3546' ),
(2169435335, 'amine_aouni', 'amine.aouni@gmail.com', 'IIqH3qBsY', '"الفكر ديالك، هو قلب المحتوى ديالي"🧠 
🎬 Content Creator/Director&Producer
📫Collaboration: amineaouni.pro@gmail.com
🏆Award of TOP YouTube channel in🇲🇦' ,'Rabat' ,'https://instagram.frba3-2.fna.fbcdn.net/v/t51.2885-19/417153267_1401258257420791_3927428463154218937_n.jpg?stp=dst-jpg_s320x320&_nc_ht=instagram.frba3-2.fna.fbcdn.net&_nc_cat=1&_nc_ohc=po0mKhqW_lYQ7kNvgFDcyOd&edm=AOQ1c0wBAAAA&ccb=7-5&oh=00_AfASejzeuC9BiFsnlT9gVirWISdftQy66d0BUdGVFbaj2g&oe=66380A19&_nc_sid=8b3546' ),
(6136975638, 'beki_ksri', 'beki.ksri@gmail.com', 'pWmN2Jyo', 'ⵣ based in Dubai 🇦🇪 
Adventurous traveler | skydiver | gamer |  Tv host
🏆 best raising content creator 2022 
Mother of @azul_podcast' ,'Casablanca' ,'https://instagram.frba3-2.fna.fbcdn.net/v/t51.2885-19/434492745_945680880284820_919507566764903648_n.jpg?stp=dst-jpg_s320x320&_nc_ht=instagram.frba3-2.fna.fbcdn.net&_nc_cat=1&_nc_ohc=UR-5D9Ci83UQ7kNvgEsmwaU&edm=AOQ1c0wBAAAA&ccb=7-5&oh=00_AfBDM-LE9za8jdD_ChHs0c9ObYmDIWUPw-vbix-s_Q-c9Q&oe=66380FC2&_nc_sid=8b3546' ),
(14538188891, 'equipedumaroc', 'equipedumaroc@uit.ac.ma', 'Tr6lO', 'الحساب الرسمي للمنتخبات المغربية لكرة القدم / Official account of Morocco National Football Teams
📍 Mohammed VI Football Complex
#DimaMaghrib 🇲🇦' ,'Rabat' ,'https://instagram.frba3-2.fna.fbcdn.net/v/t51.2885-19/316185263_441075241563634_6161349319172757221_n.jpg?stp=dst-jpg_s320x320&_nc_ht=instagram.frba3-2.fna.fbcdn.net&_nc_cat=1&_nc_ohc=tgMgo794rd8Q7kNvgHMusNj&edm=AOQ1c0wBAAAA&ccb=7-5&oh=00_AfBRjShndGJKZuURjmGU_Vq5yHHQKUiVep_qEJgfGwBfCg&oe=6637E593&_nc_sid=8b3546' ),
(399543369, 'allalirachid', 'allalirachid@uit.ac.ma', 'yU52P', 'Moroccan tv host & Producer 🎤 🇲🇦🎬' ,'Casablanca' ,'https://instagram.frba3-2.fna.fbcdn.net/v/t51.2885-19/440132189_1009415197453595_6431752241248340850_n.jpg?stp=dst-jpg_s320x320&_nc_ht=instagram.frba3-2.fna.fbcdn.net&_nc_cat=1&_nc_ohc=TWvLSIdBNt4Q7kNvgFc1DrG&edm=AOQ1c0wBAAAA&ccb=7-5&oh=00_AfDfyR2Rlg6qOM4YeOPwQWS0c9yCSH39R3k22YqXLPglHg&oe=6637F280&_nc_sid=8b3546' ),
(1502093421, 'oussamaramzi1', 'oussamaramzi1@yahoo.com', 'AGwkPPC', 'ماشي مؤثر ! ما تاخدنيش بجدية والله 
📩 contact@omyprod.ma' ,'Casablanca' ,'https://instagram.frba3-2.fna.fbcdn.net/v/t51.2885-19/433480331_434593715782992_8094690777523342206_n.jpg?stp=dst-jpg_s320x320&_nc_ht=instagram.frba3-2.fna.fbcdn.net&_nc_cat=1&_nc_ohc=kqGvqtiCzl0Q7kNvgHErIIh&edm=AOQ1c0wBAAAA&ccb=7-5&oh=00_AfBWRjitvp6FL6PNlkfiu-cgDBMCHhXg5O8y_JG-svpLDA&oe=6637FCBA&_nc_sid=8b3546' ),
(224411049, 'radi_amine', 'radi.amine@gmail.com', 'LNUmDAD', '📧 contact@amineradi.com 
Viens me voir en spectacle mais sans suivette 🧿' ,'Rabat' ,'https://instagram.frba3-2.fna.fbcdn.net/v/t51.2885-19/320071789_480859447464889_8530398012240015673_n.jpg?stp=dst-jpg_s320x320&_nc_ht=instagram.frba3-2.fna.fbcdn.net&_nc_cat=1&_nc_ohc=Bfq3uh03GzoQ7kNvgHxxdUe&edm=AOQ1c0wBAAAA&ccb=7-5&oh=00_AfDS_wxsniu45CMFkjDm3mjE9_MzZfy_VWsBgoptNdKOpg&oe=6637E5F6&_nc_sid=8b3546' ),
(5556381434, 'amineharit', 'amineharit@hotmail.com', 'tgpi7i8P', 'A.A.S💍
@olympiquedemarseille 💙
@equipedumaroc 🇲🇦' ,'Rabat' ,'https://instagram.frba3-2.fna.fbcdn.net/v/t51.2885-19/384101631_314810914529643_7556226584982070988_n.jpg?stp=dst-jpg_s320x320&_nc_ht=instagram.frba3-2.fna.fbcdn.net&_nc_cat=1&_nc_ohc=fnnl2kD8LzsQ7kNvgFYAJ__&edm=AOQ1c0wBAAAA&ccb=7-5&oh=00_AfCf0uI_HZkkuskGV2wW0H2WybYore_y1b_IYju49nPREw&oe=6637E904&_nc_sid=8b3546' ),
(307469883, 'chekorsfamily', 'chekorsfamily@gmail.com', '6aJfx7u', '👨‍👩‍👦‍👦 Yasser & Rajae & Yanis & Yazid
💼 EPS teachers
💍 For ladies only @rajaegarda 
📥 Chekorsfamily@gmail.com' ,'Rabat' ,'https://instagram.frba3-2.fna.fbcdn.net/v/t51.2885-19/344380783_125122250558426_3961447826257746794_n.jpg?stp=dst-jpg_s320x320&_nc_ht=instagram.frba3-2.fna.fbcdn.net&_nc_cat=1&_nc_ohc=gjpdNrU0CfMQ7kNvgGnHGKZ&edm=AOQ1c0wBAAAA&ccb=7-5&oh=00_AfDNXtXfbt_j4Ei0-1nfy_l4lvG1WvvdTfirP3H18bT-Sw&oe=6637F495&_nc_sid=8b3546' ),
(180698318, 'balqeesfathi', 'balqeesfathi@hotmail.com', 'Nqhlb7MMz', 'Hollywood Music and Media Award Winner
#حاولت_اغير' ,'Casablanca' ,'https://instagram.frba3-2.fna.fbcdn.net/v/t51.2885-19/437392630_247194031809548_2951162761465122637_n.jpg?stp=dst-jpg_s320x320&_nc_ht=instagram.frba3-2.fna.fbcdn.net&_nc_cat=1&_nc_ohc=0fxouAkl8VoQ7kNvgGyApMp&edm=AOQ1c0wBAAAA&ccb=7-5&oh=00_AfCkeHLXvkMjALopg1-efnh3HQINXsr468btANFIcr-tZQ&oe=66381360&_nc_sid=8b3546' );


INSERT INTO FOLLOWERS VALUES
(47855511623, 965109348, '2024-08-26 09:19:16'),
(47855511623, 1473139425, '2024-07-09 17:47:20'),
(47855511623, 1194179329, '2024-11-06 01:34:11'),
(47855511623, 14538188891, '2024-09-12 21:04:40'),
(47855511623, 560202889, '2024-04-15 17:18:32'),
(47855511623, 409149677, '2024-06-10 12:13:47'),
(47855511623, 2213747526, '2024-09-01 21:32:05'),
(47855511623, 288041214, '2024-11-08 18:39:04'),
(47855511623, 224411049, '2024-09-23 05:16:37'),
(47855511623, 399543369, '2024-11-17 14:05:00'),
(47855511623, 180698318, '2024-11-27 03:54:52'),
(47855511623, 392599012, '2024-04-28 20:19:27'),
(47855511623, 1027793010, '2024-06-26 18:03:17'),
(47855511623, 1537648049, '2024-05-25 04:30:15'),
(47855511623, 5556381434, '2024-01-04 06:21:20'),
(47855511623, 2169435335, '2024-09-04 03:18:54'),
(47855511623, 2186304237, '2024-03-23 10:15:53'),
(47855511623, 604373732, '2024-11-19 23:35:46'),
(47855511623, 351306652, '2024-06-27 21:56:53'),
(47855511623, 897281535, '2024-06-24 03:08:39'),
(47855511623, 6136975638, '2024-05-16 15:54:05'),
(47855511623, 1025948224, '2024-04-20 23:54:26'),
(47855511623, 705783972, '2024-04-23 18:45:52'),
(47855511623, 1636631418, '2024-10-02 16:34:04'),
(47855511623, 1550993292, '2024-01-08 15:59:46'),
(47855511623, 722118924, '2024-04-23 02:22:21'),
(1194179329, 2186304237, '2024-06-12 13:36:26'),
(1194179329, 2169435335, '2024-03-25 19:08:39'),
(1194179329, 180698318, '2024-09-14 12:27:32'),
(1194179329, 409149677, '2024-04-28 17:26:14'),
(1194179329, 399543369, '2024-02-15 09:10:14'),
(1194179329, 897281535, '2024-05-20 15:06:03'),
(1194179329, 705783972, '2024-07-28 22:53:41'),
(1194179329, 1537648049, '2024-04-14 12:39:09'),
(1194179329, 1473139425, '2024-05-26 11:56:13'),
(1194179329, 47855511623, '2024-04-20 03:41:13'),
(1194179329, 2213747526, '2024-03-27 23:28:32'),
(1194179329, 1636631418, '2024-02-20 21:51:58'),
(1194179329, 5556381434, '2024-09-18 01:52:26'),
(1194179329, 351306652, '2024-10-06 18:43:11'),
(1194179329, 604373732, '2024-09-15 00:57:29'),
(288041214, 1025948224, '2024-08-24 01:11:52'),
(288041214, 1636631418, '2024-11-02 02:39:21'),
(288041214, 1550993292, '2024-01-27 02:30:47'),
(288041214, 1502093421, '2024-05-23 01:49:55'),
(288041214, 399543369, '2024-11-21 15:44:20'),
(288041214, 409149677, '2024-12-07 15:20:18'),
(288041214, 1473139425, '2024-02-11 15:23:51'),
(2213747526, 965109348, '2024-10-02 09:14:46'),
(2213747526, 1772591035, '2024-05-08 15:52:15'),
(2213747526, 604373732, '2024-05-02 16:07:33'),
(2213747526, 307469883, '2024-09-19 01:52:44'),
(2213747526, 1550993292, '2024-03-08 10:13:23'),
(2213747526, 705783972, '2024-10-05 06:37:06'),
(2213747526, 1502093421, '2024-09-05 19:50:26'),
(2213747526, 47855511623, '2024-04-20 01:58:41'),
(2213747526, 1473139425, '2024-11-01 12:18:07'),
(2213747526, 560202889, '2024-04-11 22:56:09'),
(2213747526, 897281535, '2024-12-27 11:10:17'),
(2213747526, 392599012, '2024-01-24 16:44:33'),
(2213747526, 409149677, '2024-11-02 06:29:09'),
(2213747526, 1636631418, '2024-12-12 19:24:25'),
(2213747526, 722118924, '2024-04-13 11:50:12'),
(2213747526, 2186304237, '2024-11-13 10:21:00'),
(2213747526, 14538188891, '2024-04-22 19:43:35'),
(1473139425, 1027793010, '2024-11-08 10:59:27'),
(1473139425, 14538188891, '2024-12-02 05:55:26'),
(1473139425, 965109348, '2024-07-17 18:12:41'),
(1473139425, 1502093421, '2024-12-15 23:42:38'),
(1473139425, 2169435335, '2024-08-28 18:21:09'),
(1473139425, 604373732, '2024-12-23 09:51:28'),
(1473139425, 180698318, '2024-01-09 09:03:22'),
(1473139425, 1537648049, '2024-11-02 19:13:51'),
(1473139425, 288041214, '2024-02-22 16:11:08'),
(1473139425, 1550993292, '2024-11-14 11:58:21'),
(1473139425, 560202889, '2024-01-13 01:35:13'),
(1473139425, 1025948224, '2024-03-06 12:52:11'),
(1473139425, 351306652, '2024-10-18 03:45:02'),
(1473139425, 2213747526, '2024-04-12 07:50:56'),
(1473139425, 722118924, '2024-03-03 01:48:45'),
(1473139425, 6136975638, '2024-08-16 02:20:50'),
(1473139425, 224411049, '2024-11-26 01:52:39'),
(1473139425, 409149677, '2024-01-01 12:28:46'),
(1473139425, 1772591035, '2024-05-13 20:56:00'),
(1473139425, 399543369, '2024-10-11 02:16:19'),
(1473139425, 1636631418, '2024-11-10 15:05:24'),
(1473139425, 705783972, '2024-04-11 04:06:10'),
(1473139425, 5556381434, '2024-04-20 01:02:17'),
(392599012, 604373732, '2024-01-11 16:42:47'),
(392599012, 409149677, '2024-10-11 08:55:56'),
(705783972, 307469883, '2024-03-28 01:02:10'),
(705783972, 1502093421, '2024-12-22 23:27:56'),
(705783972, 5556381434, '2024-03-18 00:34:37'),
(1537648049, 47855511623, '2024-02-24 08:27:29'),
(1537648049, 1772591035, '2024-04-27 16:14:11'),
(1537648049, 392599012, '2024-02-05 06:10:00'),
(1537648049, 14538188891, '2024-02-18 06:01:51'),
(1537648049, 351306652, '2024-01-10 01:41:24'),
(1537648049, 560202889, '2024-02-07 18:58:17'),
(1537648049, 2186304237, '2024-04-14 17:27:37'),
(1537648049, 6136975638, '2024-03-01 14:33:30'),
(1537648049, 5556381434, '2024-01-28 04:21:59'),
(1537648049, 307469883, '2024-11-02 20:32:40'),
(1537648049, 1025948224, '2024-10-08 23:13:16'),
(1537648049, 1550993292, '2024-06-19 17:30:47'),
(1537648049, 288041214, '2024-05-25 10:24:15'),
(1537648049, 722118924, '2024-08-28 00:29:53'),
(1537648049, 224411049, '2024-05-03 07:02:13'),
(1537648049, 2169435335, '2024-05-20 03:41:52'),
(1537648049, 1194179329, '2024-12-18 04:58:04'),
(1537648049, 705783972, '2024-06-09 20:00:16'),
(897281535, 1636631418, '2024-04-26 22:09:17'),
(897281535, 1772591035, '2024-08-22 09:15:48'),
(897281535, 409149677, '2024-01-17 20:46:08'),
(897281535, 307469883, '2024-09-24 23:13:02'),
(897281535, 224411049, '2024-05-06 00:03:11'),
(897281535, 1025948224, '2024-06-04 08:28:18'),
(2186304237, 1194179329, '2024-08-23 21:16:03'),
(2186304237, 705783972, '2024-07-05 21:34:57'),
(2186304237, 14538188891, '2024-02-04 16:31:18'),
(2186304237, 6136975638, '2024-02-13 07:07:38'),
(2186304237, 2169435335, '2024-09-25 00:56:06'),
(2186304237, 392599012, '2024-11-24 07:13:49'),
(2186304237, 47855511623, '2024-09-27 22:46:44'),
(2186304237, 965109348, '2024-08-01 19:56:08'),
(2186304237, 180698318, '2024-12-03 21:30:14'),
(2186304237, 351306652, '2024-04-05 19:16:04'),
(2186304237, 224411049, '2024-02-20 09:30:06'),
(409149677, 965109348, '2024-03-10 13:31:03'),
(409149677, 6136975638, '2024-12-14 07:14:20'),
(409149677, 5556381434, '2024-06-12 20:18:16'),
(409149677, 1636631418, '2024-10-12 16:48:17'),
(409149677, 1537648049, '2024-02-17 13:43:32'),
(409149677, 1772591035, '2024-06-20 17:15:52'),
(965109348, 47855511623, '2024-09-26 09:17:18'),
(965109348, 224411049, '2024-08-17 12:08:35'),
(965109348, 6136975638, '2024-02-10 17:20:56'),
(965109348, 1772591035, '2024-04-10 07:00:36'),
(965109348, 1027793010, '2024-03-21 21:00:02'),
(965109348, 604373732, '2024-06-01 08:20:20'),
(965109348, 722118924, '2024-02-22 23:27:11'),
(965109348, 2213747526, '2024-12-22 17:43:03'),
(965109348, 2186304237, '2024-07-08 23:05:14'),
(965109348, 180698318, '2024-05-17 12:14:05'),
(965109348, 1550993292, '2024-03-16 04:03:18'),
(560202889, 1502093421, '2024-07-18 09:34:30'),
(560202889, 1550993292, '2024-05-02 15:42:21'),
(560202889, 6136975638, '2024-06-02 12:28:03'),
(560202889, 409149677, '2024-09-18 06:33:03'),
(560202889, 399543369, '2024-04-23 02:27:16'),
(560202889, 351306652, '2024-01-07 23:56:40'),
(560202889, 307469883, '2024-09-17 02:10:40'),
(560202889, 2213747526, '2024-02-27 04:47:31'),
(560202889, 224411049, '2024-09-24 15:34:02'),
(560202889, 897281535, '2024-02-16 04:23:16'),
(560202889, 392599012, '2024-03-23 03:28:31'),
(604373732, 5556381434, '2024-06-24 05:38:51'),
(604373732, 180698318, '2024-11-13 02:42:17'),
(604373732, 47855511623, '2024-02-23 02:15:26'),
(604373732, 14538188891, '2024-12-14 08:49:17'),
(604373732, 399543369, '2024-11-27 11:07:10'),
(604373732, 560202889, '2024-05-01 04:34:41'),
(604373732, 2169435335, '2024-07-11 14:59:57'),
(604373732, 965109348, '2024-10-13 15:04:50'),
(604373732, 1473139425, '2024-03-16 07:38:00'),
(604373732, 351306652, '2024-04-16 12:54:59'),
(604373732, 2186304237, '2024-06-28 13:38:11'),
(604373732, 1025948224, '2024-03-28 19:33:52'),
(604373732, 897281535, '2024-05-20 18:10:19'),
(604373732, 1550993292, '2024-11-11 21:39:34'),
(604373732, 1502093421, '2024-03-01 01:48:12'),
(604373732, 288041214, '2024-05-22 01:05:23'),
(604373732, 1537648049, '2024-03-13 11:22:02'),
(604373732, 1194179329, '2024-02-10 20:50:50'),
(604373732, 1772591035, '2024-01-01 04:32:44'),
(604373732, 1636631418, '2024-10-05 13:14:40'),
(604373732, 224411049, '2024-08-23 17:55:54'),
(604373732, 722118924, '2024-08-20 20:17:18'),
(604373732, 409149677, '2024-06-16 15:18:16'),
(604373732, 2213747526, '2024-07-22 01:08:08'),
(604373732, 307469883, '2024-09-27 10:48:53'),
(1772591035, 47855511623, '2024-12-21 07:28:17'),
(1772591035, 5556381434, '2024-12-15 09:04:50'),
(351306652, 5556381434, '2024-10-21 15:45:15'),
(351306652, 1502093421, '2024-02-22 00:13:04'),
(351306652, 560202889, '2024-06-12 07:32:13'),
(351306652, 1537648049, '2024-12-01 13:53:45'),
(351306652, 399543369, '2024-08-07 12:59:47'),
(351306652, 1636631418, '2024-10-26 15:43:48'),
(351306652, 1025948224, '2024-06-27 16:50:49'),
(351306652, 965109348, '2024-04-08 20:31:25'),
(351306652, 722118924, '2024-06-20 09:53:26'),
(351306652, 307469883, '2024-05-13 11:34:11'),
(351306652, 180698318, '2024-11-23 19:43:29'),
(351306652, 705783972, '2024-12-02 14:57:38'),
(351306652, 14538188891, '2024-08-10 04:30:56'),
(351306652, 1027793010, '2024-11-08 10:55:41'),
(1550993292, 560202889, '2024-09-24 15:46:30'),
(1550993292, 2213747526, '2024-06-09 03:57:28'),
(1550993292, 1772591035, '2024-04-18 11:18:59'),
(1550993292, 224411049, '2024-04-09 19:58:12'),
(1550993292, 47855511623, '2024-08-21 23:50:43'),
(1550993292, 1194179329, '2024-12-28 06:23:42'),
(1550993292, 705783972, '2024-07-11 10:09:16'),
(1550993292, 1027793010, '2024-10-01 08:59:59'),
(1550993292, 6136975638, '2024-10-20 21:37:47'),
(1550993292, 288041214, '2024-01-26 01:11:04'),
(1550993292, 5556381434, '2024-06-27 04:58:07'),
(1636631418, 705783972, '2024-10-10 02:40:17'),
(1636631418, 2186304237, '2024-08-25 14:26:05'),
(1636631418, 2213747526, '2024-09-20 01:28:09'),
(1636631418, 47855511623, '2024-03-28 15:23:30'),
(1636631418, 722118924, '2024-08-12 22:18:42'),
(1636631418, 1025948224, '2024-07-03 20:13:55'),
(1636631418, 1772591035, '2024-02-12 14:08:34'),
(1636631418, 1537648049, '2024-09-18 01:51:50'),
(1636631418, 5556381434, '2024-01-04 11:37:21'),
(1636631418, 1027793010, '2024-05-14 16:28:21'),
(1636631418, 6136975638, '2024-05-05 21:43:56'),
(1636631418, 897281535, '2024-12-06 08:51:31'),
(1636631418, 1502093421, '2024-09-16 17:22:43'),
(1636631418, 180698318, '2024-03-25 05:40:44'),
(1636631418, 14538188891, '2024-04-01 21:52:57'),
(1636631418, 1194179329, '2024-09-18 00:20:26'),
(1636631418, 1550993292, '2024-03-13 00:38:51'),
(1636631418, 288041214, '2024-08-03 19:41:08'),
(1636631418, 307469883, '2024-03-16 03:56:36'),
(1636631418, 965109348, '2024-08-19 12:15:01'),
(1636631418, 399543369, '2024-10-16 03:03:57'),
(1636631418, 2169435335, '2024-05-22 23:06:59'),
(1636631418, 392599012, '2024-06-07 06:40:44'),
(1027793010, 399543369, '2024-05-10 22:44:17'),
(1027793010, 351306652, '2024-11-24 11:12:03'),
(1027793010, 307469883, '2024-10-16 07:32:53'),
(1027793010, 560202889, '2024-09-13 05:11:57'),
(1027793010, 1537648049, '2024-10-07 10:42:18'),
(1027793010, 2213747526, '2024-09-23 04:49:07'),
(1027793010, 1194179329, '2024-11-24 19:08:01'),
(1027793010, 180698318, '2024-06-17 03:56:58'),
(1027793010, 604373732, '2024-08-11 22:04:17'),
(1025948224, 47855511623, '2024-12-02 01:26:41'),
(1025948224, 5556381434, '2024-04-25 11:08:19'),
(1025948224, 288041214, '2024-06-01 23:38:41'),
(1025948224, 1194179329, '2024-01-01 17:34:09'),
(1025948224, 392599012, '2024-12-11 10:33:07'),
(1025948224, 560202889, '2024-01-24 21:03:10'),
(1025948224, 2186304237, '2024-10-17 07:31:40'),
(1025948224, 307469883, '2024-07-10 06:08:17'),
(1025948224, 14538188891, '2024-05-09 17:54:59'),
(1025948224, 409149677, '2024-08-19 21:55:47'),
(1025948224, 1537648049, '2024-08-02 21:17:12'),
(1025948224, 705783972, '2024-04-04 05:07:58'),
(1025948224, 965109348, '2024-10-11 02:09:07'),
(1025948224, 1772591035, '2024-06-10 18:55:40'),
(1025948224, 1027793010, '2024-06-27 18:25:20'),
(1025948224, 1473139425, '2024-10-28 02:03:18'),
(1025948224, 2169435335, '2024-08-16 16:59:35'),
(1025948224, 224411049, '2024-09-23 08:23:27'),
(1025948224, 1502093421, '2024-05-12 13:35:19'),
(1025948224, 399543369, '2024-10-07 17:11:45'),
(1025948224, 351306652, '2024-11-24 09:09:43'),
(1025948224, 1550993292, '2024-11-06 18:51:31'),
(1025948224, 1636631418, '2024-12-22 03:51:13'),
(1025948224, 722118924, '2024-10-11 03:16:44'),
(1025948224, 6136975638, '2024-02-20 10:47:19'),
(1025948224, 2213747526, '2024-05-10 23:11:31'),
(1025948224, 604373732, '2024-12-14 23:06:35'),
(1025948224, 180698318, '2024-09-26 14:09:52'),
(1025948224, 897281535, '2024-04-01 21:39:58'),
(722118924, 705783972, '2024-07-18 14:57:55'),
(722118924, 224411049, '2024-04-09 02:04:30'),
(722118924, 392599012, '2024-11-19 17:12:55'),
(722118924, 965109348, '2024-10-27 05:02:08'),
(722118924, 1537648049, '2024-01-27 20:40:10'),
(2169435335, 180698318, '2024-08-24 11:08:46'),
(2169435335, 2186304237, '2024-04-14 18:08:18'),
(2169435335, 1473139425, '2024-05-12 08:50:07'),
(2169435335, 399543369, '2024-07-23 21:56:16'),
(2169435335, 705783972, '2024-01-23 01:26:14'),
(2169435335, 1027793010, '2024-11-26 01:28:41'),
(2169435335, 722118924, '2024-10-21 05:04:23'),
(2169435335, 1537648049, '2024-04-09 04:18:54'),
(2169435335, 1502093421, '2024-07-18 23:33:52'),
(2169435335, 965109348, '2024-06-04 02:22:50'),
(2169435335, 1194179329, '2024-04-16 10:49:29'),
(2169435335, 409149677, '2024-12-06 01:47:25'),
(2169435335, 604373732, '2024-09-07 17:41:12'),
(2169435335, 1025948224, '2024-12-17 04:04:25'),
(2169435335, 1772591035, '2024-12-19 19:14:29'),
(2169435335, 1550993292, '2024-11-05 10:38:32'),
(6136975638, 47855511623, '2024-06-15 00:38:20'),
(6136975638, 307469883, '2024-04-27 14:13:32'),
(6136975638, 288041214, '2024-05-20 17:04:58'),
(6136975638, 560202889, '2024-02-22 09:10:38'),
(6136975638, 1473139425, '2024-04-20 11:58:44'),
(6136975638, 2186304237, '2024-07-01 14:20:05'),
(6136975638, 1025948224, '2024-06-07 21:58:15'),
(6136975638, 965109348, '2024-02-14 13:44:19'),
(6136975638, 351306652, '2024-10-18 04:47:45'),
(6136975638, 1537648049, '2024-10-20 05:14:21'),
(6136975638, 722118924, '2024-02-02 08:40:58'),
(6136975638, 1027793010, '2024-01-11 08:17:51'),
(6136975638, 392599012, '2024-07-28 11:05:02'),
(6136975638, 897281535, '2024-04-04 05:17:26'),
(6136975638, 224411049, '2024-02-01 21:17:01'),
(6136975638, 14538188891, '2024-09-18 13:58:09'),
(6136975638, 399543369, '2024-07-27 00:24:16'),
(6136975638, 1194179329, '2024-11-05 13:53:41'),
(6136975638, 1772591035, '2024-09-16 06:35:13'),
(6136975638, 5556381434, '2024-05-18 16:34:23'),
(6136975638, 604373732, '2024-03-28 11:25:38'),
(6136975638, 2169435335, '2024-02-05 09:04:24'),
(6136975638, 180698318, '2024-01-12 10:58:16'),
(6136975638, 409149677, '2024-07-23 23:44:16'),
(6136975638, 705783972, '2024-09-15 21:39:35'),
(6136975638, 1636631418, '2024-09-21 08:16:45'),
(6136975638, 1550993292, '2024-10-03 13:52:35'),
(14538188891, 392599012, '2024-02-11 17:13:05'),
(14538188891, 1025948224, '2024-10-03 00:22:00'),
(14538188891, 1772591035, '2024-02-14 21:48:29'),
(14538188891, 2213747526, '2024-11-02 22:05:18'),
(14538188891, 47855511623, '2024-11-28 07:02:05'),
(14538188891, 705783972, '2024-06-28 01:47:25'),
(14538188891, 2169435335, '2024-10-19 12:58:30'),
(14538188891, 1194179329, '2024-07-21 14:03:18'),
(14538188891, 2186304237, '2024-10-14 04:02:31'),
(14538188891, 180698318, '2024-10-21 03:49:16'),
(14538188891, 307469883, '2024-01-17 13:58:25'),
(14538188891, 5556381434, '2024-08-06 05:30:17'),
(14538188891, 560202889, '2024-02-19 15:05:28'),
(14538188891, 6136975638, '2024-08-08 17:42:27'),
(14538188891, 399543369, '2024-10-28 12:46:02'),
(399543369, 2213747526, '2024-08-22 16:18:22'),
(399543369, 560202889, '2024-04-18 08:38:32'),
(399543369, 14538188891, '2024-04-18 04:46:31'),
(399543369, 1027793010, '2024-08-13 07:38:51'),
(399543369, 1550993292, '2024-12-14 12:38:28'),
(399543369, 288041214, '2024-12-22 16:03:11'),
(399543369, 722118924, '2024-04-20 15:18:54'),
(399543369, 180698318, '2024-06-07 16:46:31'),
(399543369, 1636631418, '2024-04-19 17:22:07'),
(399543369, 2186304237, '2024-03-18 06:24:01'),
(399543369, 224411049, '2024-06-06 16:09:12'),
(399543369, 1502093421, '2024-06-07 02:06:53'),
(399543369, 47855511623, '2024-07-15 05:32:07'),
(399543369, 1194179329, '2024-02-18 04:01:11'),
(399543369, 1025948224, '2024-02-28 05:36:33'),
(399543369, 965109348, '2024-07-18 02:43:52'),
(399543369, 351306652, '2024-09-17 09:33:13'),
(399543369, 1473139425, '2024-06-01 17:02:57'),
(399543369, 409149677, '2024-12-14 10:41:58'),
(399543369, 307469883, '2024-05-03 09:32:10'),
(399543369, 897281535, '2024-08-15 17:50:21'),
(399543369, 604373732, '2024-03-08 03:14:35'),
(399543369, 705783972, '2024-04-28 23:02:39'),
(399543369, 6136975638, '2024-05-23 00:52:29'),
(399543369, 5556381434, '2024-10-27 11:29:13'),
(399543369, 1772591035, '2024-07-10 08:01:17'),
(399543369, 392599012, '2024-08-12 06:37:57'),
(399543369, 2169435335, '2024-01-18 19:18:32'),
(399543369, 1537648049, '2024-10-07 17:26:35'),
(1502093421, 288041214, '2024-11-12 14:41:19'),
(1502093421, 604373732, '2024-11-10 14:55:45'),
(1502093421, 392599012, '2024-08-07 20:03:45'),
(1502093421, 2186304237, '2024-09-21 08:57:59'),
(1502093421, 2213747526, '2024-08-25 19:30:15'),
(1502093421, 14538188891, '2024-06-06 03:00:38'),
(1502093421, 705783972, '2024-12-05 16:09:35'),
(1502093421, 1473139425, '2024-07-21 15:35:59'),
(1502093421, 965109348, '2024-12-01 18:50:41'),
(224411049, 1550993292, '2024-08-24 18:07:50'),
(224411049, 965109348, '2024-12-17 12:12:03'),
(224411049, 1537648049, '2024-08-21 03:29:59'),
(224411049, 604373732, '2024-09-01 09:27:13'),
(224411049, 47855511623, '2024-09-21 11:14:11'),
(224411049, 180698318, '2024-02-27 23:56:25'),
(224411049, 2169435335, '2024-12-18 15:47:42'),
(224411049, 6136975638, '2024-07-05 09:17:01'),
(224411049, 288041214, '2024-08-26 18:15:30'),
(224411049, 560202889, '2024-07-05 23:18:55'),
(224411049, 1473139425, '2024-01-10 11:56:10'),
(224411049, 409149677, '2024-08-15 03:43:21'),
(224411049, 897281535, '2024-02-18 21:13:31'),
(224411049, 14538188891, '2024-03-02 10:03:41'),
(224411049, 1027793010, '2024-01-01 13:58:09'),
(224411049, 5556381434, '2024-10-13 02:40:57'),
(224411049, 1194179329, '2024-09-17 13:54:00'),
(224411049, 1025948224, '2024-03-24 00:41:52'),
(224411049, 722118924, '2024-01-18 04:28:30'),
(224411049, 351306652, '2024-10-08 03:41:23'),
(224411049, 2213747526, '2024-04-12 21:17:47'),
(224411049, 1502093421, '2024-09-05 20:07:10'),
(224411049, 307469883, '2024-03-06 13:43:30'),
(224411049, 399543369, '2024-01-06 10:34:51'),
(224411049, 1772591035, '2024-11-07 01:26:19'),
(224411049, 2186304237, '2024-06-13 21:56:08'),
(5556381434, 1502093421, '2024-12-07 19:28:52'),
(5556381434, 1550993292, '2024-06-18 11:24:40'),
(5556381434, 288041214, '2024-02-11 14:43:13'),
(5556381434, 47855511623, '2024-01-22 23:38:27'),
(5556381434, 722118924, '2024-10-22 14:37:15'),
(5556381434, 409149677, '2024-04-26 15:44:43'),
(5556381434, 307469883, '2024-06-09 00:46:22'),
(5556381434, 1027793010, '2024-02-11 10:36:01'),
(5556381434, 392599012, '2024-06-24 03:10:39'),
(5556381434, 2186304237, '2024-10-19 09:40:39'),
(5556381434, 1772591035, '2024-12-22 02:26:49'),
(5556381434, 224411049, '2024-08-19 07:31:10'),
(5556381434, 6136975638, '2024-06-08 02:40:55'),
(5556381434, 965109348, '2024-11-05 19:03:46'),
(5556381434, 560202889, '2024-08-01 03:09:24'),
(5556381434, 351306652, '2024-03-01 17:45:38'),
(5556381434, 897281535, '2024-05-12 21:45:46'),
(5556381434, 2213747526, '2024-07-06 08:13:37'),
(5556381434, 1537648049, '2024-11-10 22:52:59'),
(5556381434, 1473139425, '2024-07-12 14:00:46'),
(5556381434, 399543369, '2024-05-26 22:06:44'),
(5556381434, 180698318, '2024-05-21 00:39:05'),
(5556381434, 1025948224, '2024-07-21 15:23:21'),
(5556381434, 1636631418, '2024-07-24 22:18:53'),
(5556381434, 705783972, '2024-04-13 09:53:18'),
(5556381434, 1194179329, '2024-04-08 06:05:59'),
(307469883, 722118924, '2024-10-04 05:10:29'),
(307469883, 5556381434, '2024-12-03 12:12:52'),
(307469883, 409149677, '2024-06-05 14:14:54'),
(307469883, 180698318, '2024-11-26 22:59:25'),
(307469883, 705783972, '2024-04-08 23:30:44'),
(307469883, 2213747526, '2024-05-27 08:05:14'),
(307469883, 6136975638, '2024-08-12 10:43:56'),
(307469883, 1636631418, '2024-06-04 09:19:35'),
(307469883, 1537648049, '2024-09-16 23:35:49'),
(307469883, 392599012, '2024-08-28 21:55:26'),
(307469883, 2169435335, '2024-11-20 08:14:12'),
(307469883, 1550993292, '2024-11-01 19:53:40'),
(307469883, 14538188891, '2024-10-04 13:09:51'),
(307469883, 224411049, '2024-08-22 17:29:08'),
(307469883, 351306652, '2024-02-06 12:26:07'),
(307469883, 1772591035, '2024-04-06 17:26:42'),
(307469883, 1473139425, '2024-05-10 03:06:19'),
(180698318, 1473139425, '2024-08-05 16:51:16'),
(180698318, 14538188891, '2024-08-18 13:06:25'),
(180698318, 6136975638, '2024-05-06 09:34:19'),
(180698318, 1636631418, '2024-05-21 17:19:48'),
(180698318, 224411049, '2024-07-12 02:45:32'),
(180698318, 307469883, '2024-02-08 16:53:11'),
(180698318, 47855511623, '2024-02-19 01:36:33'),
(180698318, 604373732, '2024-03-22 03:08:43'),
(180698318, 399543369, '2024-01-02 08:32:00'),
(180698318, 2213747526, '2024-06-20 13:34:38'),
(180698318, 1194179329, '2024-05-08 07:07:11'),
(180698318, 1772591035, '2024-10-08 20:55:36'),
(180698318, 409149677, '2024-05-19 05:40:07'),
(180698318, 965109348, '2024-04-08 15:05:56'),
(180698318, 897281535, '2024-05-16 00:23:55'),
(180698318, 351306652, '2024-05-10 15:14:13'),
(180698318, 2186304237, '2024-08-23 06:21:31'),
(180698318, 722118924, '2024-02-06 08:45:38');
